,Aston Bier,Afro Puff,Gypsy Warrior,Bad Bailey,Maximum Sophie,Myola Dawn,Crazy Old Fool,War Of Words
0,"[datetime.datetime(2022, 11, 28, 17, 54, 7, 716233), 4.6, 7.0]","[datetime.datetime(2022, 11, 28, 17, 54, 7, 716233), 8.5, 9.2]","[datetime.datetime(2022, 11, 28, 17, 54, 7, 716233), 61.0, 170.0]","[datetime.datetime(2022, 11, 28, 17, 54, 7, 716233), 3.0, 3.85]","[datetime.datetime(2022, 11, 28, 17, 54, 7, 716233), 2.8, 3.2]","[datetime.datetime(2022, 11, 28, 17, 54, 7, 716233), 21.0, 60.0]","[datetime.datetime(2022, 11, 28, 17, 54, 7, 716233), 11.0, 19.5]","[datetime.datetime(2022, 11, 28, 17, 54, 7, 716233), 10.0, 14.0]"
1,"[datetime.datetime(2022, 11, 28, 17, 54, 8, 946022), 4.6, 7.0]","[datetime.datetime(2022, 11, 28, 17, 54, 8, 946022), 8.5, 9.0]","[datetime.datetime(2022, 11, 28, 17, 54, 8, 946022), 61.0, 170.0]","[datetime.datetime(2022, 11, 28, 17, 54, 8, 946022), 3.0, 3.9]","[datetime.datetime(2022, 11, 28, 17, 54, 8, 946022), 2.8, 3.2]","[datetime.datetime(2022, 11, 28, 17, 54, 8, 946022), 21.0, 60.0]","[datetime.datetime(2022, 11, 28, 17, 54, 8, 946022), 11.0, 19.5]","[datetime.datetime(2022, 11, 28, 17, 54, 8, 946022), 10.0, 13.5]"
2,"[datetime.datetime(2022, 11, 28, 17, 54, 10, 119206), 4.6, 6.8]","[datetime.datetime(2022, 11, 28, 17, 54, 10, 119206), 8.5, 9.0]","[datetime.datetime(2022, 11, 28, 17, 54, 10, 119206), 61.0, 170.0]","[datetime.datetime(2022, 11, 28, 17, 54, 10, 119206), 3.0, 3.9]","[datetime.datetime(2022, 11, 28, 17, 54, 10, 119206), 2.8, 3.2]","[datetime.datetime(2022, 11, 28, 17, 54, 10, 119206), 21.0, 60.0]","[datetime.datetime(2022, 11, 28, 17, 54, 10, 119206), 11.0, 19.5]","[datetime.datetime(2022, 11, 28, 17, 54, 10, 119206), 10.0, 13.5]"
3,"[datetime.datetime(2022, 11, 28, 17, 54, 11, 268559), 4.6, 7.0]","[datetime.datetime(2022, 11, 28, 17, 54, 11, 268559), 8.0, 9.0]","[datetime.datetime(2022, 11, 28, 17, 54, 11, 268559), 61.0, 170.0]","[datetime.datetime(2022, 11, 28, 17, 54, 11, 268559), 3.0, 3.9]","[datetime.datetime(2022, 11, 28, 17, 54, 11, 268559), 2.8, 3.2]","[datetime.datetime(2022, 11, 28, 17, 54, 11, 268559), 21.0, 60.0]","[datetime.datetime(2022, 11, 28, 17, 54, 11, 268559), 11.0, 19.5]","[datetime.datetime(2022, 11, 28, 17, 54, 11, 268559), 10.0, 13.5]"
4,"[datetime.datetime(2022, 11, 28, 17, 54, 12, 458640), 4.6, 7.0]","[datetime.datetime(2022, 11, 28, 17, 54, 12, 458640), 8.0, 9.0]","[datetime.datetime(2022, 11, 28, 17, 54, 12, 458640), 61.0, 170.0]","[datetime.datetime(2022, 11, 28, 17, 54, 12, 458640), 3.0, 3.9]","[datetime.datetime(2022, 11, 28, 17, 54, 12, 458640), 2.8, 3.2]","[datetime.datetime(2022, 11, 28, 17, 54, 12, 458640), 21.0, 60.0]","[datetime.datetime(2022, 11, 28, 17, 54, 12, 458640), 11.0, 19.5]","[datetime.datetime(2022, 11, 28, 17, 54, 12, 458640), 10.0, 13.5]"
5,"[datetime.datetime(2022, 11, 28, 17, 54, 13, 646835), 4.6, 7.0]","[datetime.datetime(2022, 11, 28, 17, 54, 13, 646835), 8.0, 9.0]","[datetime.datetime(2022, 11, 28, 17, 54, 13, 646835), 61.0, 170.0]","[datetime.datetime(2022, 11, 28, 17, 54, 13, 646835), 3.0, 3.9]","[datetime.datetime(2022, 11, 28, 17, 54, 13, 646835), 2.8, 3.2]","[datetime.datetime(2022, 11, 28, 17, 54, 13, 646835), 21.0, 60.0]","[datetime.datetime(2022, 11, 28, 17, 54, 13, 646835), 11.0, 19.5]","[datetime.datetime(2022, 11, 28, 17, 54, 13, 646835), 10.0, 13.5]"
6,"[datetime.datetime(2022, 11, 28, 17, 54, 14, 812284), 4.6, 7.0]","[datetime.datetime(2022, 11, 28, 17, 54, 14, 812284), 8.0, 9.0]","[datetime.datetime(2022, 11, 28, 17, 54, 14, 812284), 61.0, 170.0]","[datetime.datetime(2022, 11, 28, 17, 54, 14, 812284), 3.0, 3.9]","[datetime.datetime(2022, 11, 28, 17, 54, 14, 812284), 2.8, 3.2]","[datetime.datetime(2022, 11, 28, 17, 54, 14, 812284), 21.0, 60.0]","[datetime.datetime(2022, 11, 28, 17, 54, 14, 812284), 11.0, 19.5]","[datetime.datetime(2022, 11, 28, 17, 54, 14, 812284), 10.0, 13.5]"
7,"[datetime.datetime(2022, 11, 28, 17, 54, 15, 997720), 4.6, 6.8]","[datetime.datetime(2022, 11, 28, 17, 54, 15, 997720), 8.0, 9.0]","[datetime.datetime(2022, 11, 28, 17, 54, 15, 997720), 61.0, 170.0]","[datetime.datetime(2022, 11, 28, 17, 54, 15, 997720), 3.0, 3.9]","[datetime.datetime(2022, 11, 28, 17, 54, 15, 997720), 2.8, 3.2]","[datetime.datetime(2022, 11, 28, 17, 54, 15, 997720), 21.0, 60.0]","[datetime.datetime(2022, 11, 28, 17, 54, 15, 997720), 11.0, 19.5]","[datetime.datetime(2022, 11, 28, 17, 54, 15, 997720), 10.0, 13.5]"
8,"[datetime.datetime(2022, 11, 28, 17, 54, 17, 179020), 4.6, 6.8]","[datetime.datetime(2022, 11, 28, 17, 54, 17, 179020), 8.0, 9.0]","[datetime.datetime(2022, 11, 28, 17, 54, 17, 179020), 61.0, 170.0]","[datetime.datetime(2022, 11, 28, 17, 54, 17, 179020), 3.0, 3.9]","[datetime.datetime(2022, 11, 28, 17, 54, 17, 179020), 2.8, 3.2]","[datetime.datetime(2022, 11, 28, 17, 54, 17, 179020), 21.0, 60.0]","[datetime.datetime(2022, 11, 28, 17, 54, 17, 179020), 11.0, 19.5]","[datetime.datetime(2022, 11, 28, 17, 54, 17, 179020), 10.0, 13.5]"
9,"[datetime.datetime(2022, 11, 28, 17, 54, 18, 346754), 4.6, 6.8]","[datetime.datetime(2022, 11, 28, 17, 54, 18, 346754), 8.0, 9.0]","[datetime.datetime(2022, 11, 28, 17, 54, 18, 346754), 61.0, 170.0]","[datetime.datetime(2022, 11, 28, 17, 54, 18, 346754), 3.0, 3.9]","[datetime.datetime(2022, 11, 28, 17, 54, 18, 346754), 2.8, 3.15]","[datetime.datetime(2022, 11, 28, 17, 54, 18, 346754), 21.0, 60.0]","[datetime.datetime(2022, 11, 28, 17, 54, 18, 346754), 11.0, 19.5]","[datetime.datetime(2022, 11, 28, 17, 54, 18, 346754), 10.0, 13.5]"
10,"[datetime.datetime(2022, 11, 28, 17, 54, 19, 474499), 4.6, 6.6]","[datetime.datetime(2022, 11, 28, 17, 54, 19, 474499), 8.0, 9.0]","[datetime.datetime(2022, 11, 28, 17, 54, 19, 474499), 61.0, 170.0]","[datetime.datetime(2022, 11, 28, 17, 54, 19, 474499), 3.0, 3.9]","[datetime.datetime(2022, 11, 28, 17, 54, 19, 474499), 2.8, 3.15]","[datetime.datetime(2022, 11, 28, 17, 54, 19, 474499), 21.0, 60.0]","[datetime.datetime(2022, 11, 28, 17, 54, 19, 474499), 11.0, 21.0]","[datetime.datetime(2022, 11, 28, 17, 54, 19, 474499), 10.0, 13.5]"
11,"[datetime.datetime(2022, 11, 28, 17, 54, 20, 629590), 4.6, 6.6]","[datetime.datetime(2022, 11, 28, 17, 54, 20, 629590), 8.0, 9.0]","[datetime.datetime(2022, 11, 28, 17, 54, 20, 629590), 61.0, 170.0]","[datetime.datetime(2022, 11, 28, 17, 54, 20, 629590), 3.0, 3.9]","[datetime.datetime(2022, 11, 28, 17, 54, 20, 629590), 2.8, 3.15]","[datetime.datetime(2022, 11, 28, 17, 54, 20, 629590), 21.0, 60.0]","[datetime.datetime(2022, 11, 28, 17, 54, 20, 629590), 11.0, 20.0]","[datetime.datetime(2022, 11, 28, 17, 54, 20, 629590), 10.0, 13.5]"
12,"[datetime.datetime(2022, 11, 28, 17, 54, 21, 757910), 4.6, 6.8]","[datetime.datetime(2022, 11, 28, 17, 54, 21, 757910), 8.0, 9.0]","[datetime.datetime(2022, 11, 28, 17, 54, 21, 757910), 61.0, 170.0]","[datetime.datetime(2022, 11, 28, 17, 54, 21, 757910), 3.0, 3.9]","[datetime.datetime(2022, 11, 28, 17, 54, 21, 757910), 2.8, 3.15]","[datetime.datetime(2022, 11, 28, 17, 54, 21, 757910), 21.0, 60.0]","[datetime.datetime(2022, 11, 28, 17, 54, 21, 757910), 11.0, 20.0]","[datetime.datetime(2022, 11, 28, 17, 54, 21, 757910), 10.0, 13.5]"
13,"[datetime.datetime(2022, 11, 28, 17, 54, 22, 894345), 4.6, 6.8]","[datetime.datetime(2022, 11, 28, 17, 54, 22, 894345), 8.0, 9.0]","[datetime.datetime(2022, 11, 28, 17, 54, 22, 894345), 61.0, 170.0]","[datetime.datetime(2022, 11, 28, 17, 54, 22, 894345), 3.0, 3.9]","[datetime.datetime(2022, 11, 28, 17, 54, 22, 894345), 2.8, 3.15]","[datetime.datetime(2022, 11, 28, 17, 54, 22, 894345), 21.0, 60.0]","[datetime.datetime(2022, 11, 28, 17, 54, 22, 894345), 11.0, 20.0]","[datetime.datetime(2022, 11, 28, 17, 54, 22, 894345), 10.0, 13.5]"
14,"[datetime.datetime(2022, 11, 28, 17, 54, 24, 82633), 4.6, 6.8]","[datetime.datetime(2022, 11, 28, 17, 54, 24, 82633), 8.0, 9.0]","[datetime.datetime(2022, 11, 28, 17, 54, 24, 82633), 71.0, 170.0]","[datetime.datetime(2022, 11, 28, 17, 54, 24, 82633), 3.1, 3.9]","[datetime.datetime(2022, 11, 28, 17, 54, 24, 82633), 2.8, 3.15]","[datetime.datetime(2022, 11, 28, 17, 54, 24, 82633), 21.0, 60.0]","[datetime.datetime(2022, 11, 28, 17, 54, 24, 82633), 12.0, 20.0]","[datetime.datetime(2022, 11, 28, 17, 54, 24, 82633), 10.0, 13.5]"
15,"[datetime.datetime(2022, 11, 28, 17, 54, 25, 272033), 4.6, 6.8]","[datetime.datetime(2022, 11, 28, 17, 54, 25, 272033), 8.0, 9.0]","[datetime.datetime(2022, 11, 28, 17, 54, 25, 272033), 71.0, 170.0]","[datetime.datetime(2022, 11, 28, 17, 54, 25, 272033), 3.1, 3.9]","[datetime.datetime(2022, 11, 28, 17, 54, 25, 272033), 2.8, 3.15]","[datetime.datetime(2022, 11, 28, 17, 54, 25, 272033), 21.0, 60.0]","[datetime.datetime(2022, 11, 28, 17, 54, 25, 272033), 12.0, 20.0]","[datetime.datetime(2022, 11, 28, 17, 54, 25, 272033), 10.0, 13.5]"
16,"[datetime.datetime(2022, 11, 28, 17, 54, 26, 415069), 4.6, 6.8]","[datetime.datetime(2022, 11, 28, 17, 54, 26, 415069), 8.0, 8.4]","[datetime.datetime(2022, 11, 28, 17, 54, 26, 415069), 71.0, 170.0]","[datetime.datetime(2022, 11, 28, 17, 54, 26, 415069), 3.1, 3.9]","[datetime.datetime(2022, 11, 28, 17, 54, 26, 415069), 2.8, 3.15]","[datetime.datetime(2022, 11, 28, 17, 54, 26, 415069), 21.0, 60.0]","[datetime.datetime(2022, 11, 28, 17, 54, 26, 415069), 12.0, 19.5]","[datetime.datetime(2022, 11, 28, 17, 54, 26, 415069), 10.0, 13.5]"
17,"[datetime.datetime(2022, 11, 28, 17, 54, 27, 555470), 4.6, 6.8]","[datetime.datetime(2022, 11, 28, 17, 54, 27, 555470), 8.0, 8.4]","[datetime.datetime(2022, 11, 28, 17, 54, 27, 555470), 71.0, 170.0]","[datetime.datetime(2022, 11, 28, 17, 54, 27, 555470), 3.1, 3.9]","[datetime.datetime(2022, 11, 28, 17, 54, 27, 555470), 2.8, 3.15]","[datetime.datetime(2022, 11, 28, 17, 54, 27, 555470), 21.0, 60.0]","[datetime.datetime(2022, 11, 28, 17, 54, 27, 555470), 12.0, 19.5]","[datetime.datetime(2022, 11, 28, 17, 54, 27, 555470), 10.0, 13.5]"
18,"[datetime.datetime(2022, 11, 28, 17, 54, 28, 691716), 4.6, 6.8]","[datetime.datetime(2022, 11, 28, 17, 54, 28, 691716), 8.0, 8.8]","[datetime.datetime(2022, 11, 28, 17, 54, 28, 691716), 71.0, 170.0]","[datetime.datetime(2022, 11, 28, 17, 54, 28, 691716), 3.1, 3.85]","[datetime.datetime(2022, 11, 28, 17, 54, 28, 691716), 2.8, 3.15]","[datetime.datetime(2022, 11, 28, 17, 54, 28, 691716), 21.0, 70.0]","[datetime.datetime(2022, 11, 28, 17, 54, 28, 691716), 12.0, 19.5]","[datetime.datetime(2022, 11, 28, 17, 54, 28, 691716), 10.0, 13.5]"
19,"[datetime.datetime(2022, 11, 28, 17, 54, 29, 832579), 4.6, 6.8]","[datetime.datetime(2022, 11, 28, 17, 54, 29, 832579), 8.0, 8.8]","[datetime.datetime(2022, 11, 28, 17, 54, 29, 832579), 71.0, 170.0]","[datetime.datetime(2022, 11, 28, 17, 54, 29, 832579), 3.1, 3.85]","[datetime.datetime(2022, 11, 28, 17, 54, 29, 832579), 2.8, 3.15]","[datetime.datetime(2022, 11, 28, 17, 54, 29, 832579), 21.0, 70.0]","[datetime.datetime(2022, 11, 28, 17, 54, 29, 832579), 12.0, 19.5]","[datetime.datetime(2022, 11, 28, 17, 54, 29, 832579), 10.0, 13.5]"
20,"[datetime.datetime(2022, 11, 28, 17, 54, 30, 970621), 4.6, 6.8]","[datetime.datetime(2022, 11, 28, 17, 54, 30, 970621), 8.0, 8.8]","[datetime.datetime(2022, 11, 28, 17, 54, 30, 970621), 71.0, 170.0]","[datetime.datetime(2022, 11, 28, 17, 54, 30, 970621), 3.1, 3.85]","[datetime.datetime(2022, 11, 28, 17, 54, 30, 970621), 2.8, 3.1]","[datetime.datetime(2022, 11, 28, 17, 54, 30, 970621), 21.0, 70.0]","[datetime.datetime(2022, 11, 28, 17, 54, 30, 970621), 12.0, 20.0]","[datetime.datetime(2022, 11, 28, 17, 54, 30, 970621), 10.0, 13.5]"
21,"[datetime.datetime(2022, 11, 28, 17, 54, 32, 99967), 4.6, 6.8]","[datetime.datetime(2022, 11, 28, 17, 54, 32, 99967), 8.0, 8.8]","[datetime.datetime(2022, 11, 28, 17, 54, 32, 99967), 71.0, 170.0]","[datetime.datetime(2022, 11, 28, 17, 54, 32, 99967), 3.1, 3.85]","[datetime.datetime(2022, 11, 28, 17, 54, 32, 99967), 2.8, 3.1]","[datetime.datetime(2022, 11, 28, 17, 54, 32, 99967), 21.0, 70.0]","[datetime.datetime(2022, 11, 28, 17, 54, 32, 99967), 12.0, 20.0]","[datetime.datetime(2022, 11, 28, 17, 54, 32, 99967), 10.0, 13.5]"
22,"[datetime.datetime(2022, 11, 28, 17, 54, 33, 245236), 4.6, 7.0]","[datetime.datetime(2022, 11, 28, 17, 54, 33, 245236), 8.0, 8.8]","[datetime.datetime(2022, 11, 28, 17, 54, 33, 245236), 71.0, 170.0]","[datetime.datetime(2022, 11, 28, 17, 54, 33, 245236), 3.1, 3.85]","[datetime.datetime(2022, 11, 28, 17, 54, 33, 245236), 2.8, 3.1]","[datetime.datetime(2022, 11, 28, 17, 54, 33, 245236), 21.0, 70.0]","[datetime.datetime(2022, 11, 28, 17, 54, 33, 245236), 12.0, 20.0]","[datetime.datetime(2022, 11, 28, 17, 54, 33, 245236), 10.0, 13.5]"
23,"[datetime.datetime(2022, 11, 28, 17, 54, 34, 377805), 4.6, 6.6]","[datetime.datetime(2022, 11, 28, 17, 54, 34, 377805), 8.0, 8.8]","[datetime.datetime(2022, 11, 28, 17, 54, 34, 377805), 71.0, 170.0]","[datetime.datetime(2022, 11, 28, 17, 54, 34, 377805), 3.1, 3.85]","[datetime.datetime(2022, 11, 28, 17, 54, 34, 377805), 2.8, 3.05]","[datetime.datetime(2022, 11, 28, 17, 54, 34, 377805), 21.0, 70.0]","[datetime.datetime(2022, 11, 28, 17, 54, 34, 377805), 12.0, 20.0]","[datetime.datetime(2022, 11, 28, 17, 54, 34, 377805), 10.0, 13.5]"
24,"[datetime.datetime(2022, 11, 28, 17, 54, 35, 511276), 4.6, 6.6]","[datetime.datetime(2022, 11, 28, 17, 54, 35, 511276), 8.0, 8.8]","[datetime.datetime(2022, 11, 28, 17, 54, 35, 511276), 71.0, 170.0]","[datetime.datetime(2022, 11, 28, 17, 54, 35, 511276), 3.1, 3.85]","[datetime.datetime(2022, 11, 28, 17, 54, 35, 511276), 2.8, 3.05]","[datetime.datetime(2022, 11, 28, 17, 54, 35, 511276), 21.0, 70.0]","[datetime.datetime(2022, 11, 28, 17, 54, 35, 511276), 12.0, 20.0]","[datetime.datetime(2022, 11, 28, 17, 54, 35, 511276), 10.0, 13.5]"
25,"[datetime.datetime(2022, 11, 28, 17, 54, 36, 645694), 4.6, 7.0]","[datetime.datetime(2022, 11, 28, 17, 54, 36, 645694), 8.0, 8.8]","[datetime.datetime(2022, 11, 28, 17, 54, 36, 645694), 71.0, 170.0]","[datetime.datetime(2022, 11, 28, 17, 54, 36, 645694), 3.1, 3.9]","[datetime.datetime(2022, 11, 28, 17, 54, 36, 645694), 2.8, 3.1]","[datetime.datetime(2022, 11, 28, 17, 54, 36, 645694), 21.0, 70.0]","[datetime.datetime(2022, 11, 28, 17, 54, 36, 645694), 12.0, 20.0]","[datetime.datetime(2022, 11, 28, 17, 54, 36, 645694), 10.0, 13.5]"
26,"[datetime.datetime(2022, 11, 28, 17, 54, 37, 831722), 4.6, 7.0]","[datetime.datetime(2022, 11, 28, 17, 54, 37, 831722), 8.0, 8.8]","[datetime.datetime(2022, 11, 28, 17, 54, 37, 831722), 71.0, 170.0]","[datetime.datetime(2022, 11, 28, 17, 54, 37, 831722), 3.1, 3.9]","[datetime.datetime(2022, 11, 28, 17, 54, 37, 831722), 2.8, 3.1]","[datetime.datetime(2022, 11, 28, 17, 54, 37, 831722), 21.0, 70.0]","[datetime.datetime(2022, 11, 28, 17, 54, 37, 831722), 12.0, 20.0]","[datetime.datetime(2022, 11, 28, 17, 54, 37, 831722), 10.0, 13.5]"
27,"[datetime.datetime(2022, 11, 28, 17, 54, 38, 967621), 4.6, 7.0]","[datetime.datetime(2022, 11, 28, 17, 54, 38, 967621), 8.0, 8.6]","[datetime.datetime(2022, 11, 28, 17, 54, 38, 967621), 71.0, 170.0]","[datetime.datetime(2022, 11, 28, 17, 54, 38, 967621), 3.1, 3.95]","[datetime.datetime(2022, 11, 28, 17, 54, 38, 967621), 2.8, 3.1]","[datetime.datetime(2022, 11, 28, 17, 54, 38, 967621), 21.0, 70.0]","[datetime.datetime(2022, 11, 28, 17, 54, 38, 967621), 12.0, 21.0]","[datetime.datetime(2022, 11, 28, 17, 54, 38, 967621), 10.0, 13.0]"
28,"[datetime.datetime(2022, 11, 28, 17, 54, 40, 130051), 4.8, 7.0]","[datetime.datetime(2022, 11, 28, 17, 54, 40, 130051), 8.0, 8.6]","[datetime.datetime(2022, 11, 28, 17, 54, 40, 130051), 71.0, 170.0]","[datetime.datetime(2022, 11, 28, 17, 54, 40, 130051), 3.1, 3.95]","[datetime.datetime(2022, 11, 28, 17, 54, 40, 130051), 2.7, 3.1]","[datetime.datetime(2022, 11, 28, 17, 54, 40, 130051), 21.0, 70.0]","[datetime.datetime(2022, 11, 28, 17, 54, 40, 130051), 12.0, 21.0]","[datetime.datetime(2022, 11, 28, 17, 54, 40, 130051), 10.0, 13.0]"
29,"[datetime.datetime(2022, 11, 28, 17, 54, 41, 277249), 4.8, 7.0]","[datetime.datetime(2022, 11, 28, 17, 54, 41, 277249), 8.0, 8.6]","[datetime.datetime(2022, 11, 28, 17, 54, 41, 277249), 71.0, 170.0]","[datetime.datetime(2022, 11, 28, 17, 54, 41, 277249), 3.1, 3.95]","[datetime.datetime(2022, 11, 28, 17, 54, 41, 277249), 2.7, 3.1]","[datetime.datetime(2022, 11, 28, 17, 54, 41, 277249), 21.0, 70.0]","[datetime.datetime(2022, 11, 28, 17, 54, 41, 277249), 12.0, 21.0]","[datetime.datetime(2022, 11, 28, 17, 54, 41, 277249), 10.0, 13.0]"
30,"[datetime.datetime(2022, 11, 28, 17, 54, 42, 429920), 4.8, 7.0]","[datetime.datetime(2022, 11, 28, 17, 54, 42, 429920), 8.0, 8.6]","[datetime.datetime(2022, 11, 28, 17, 54, 42, 429920), 71.0, 170.0]","[datetime.datetime(2022, 11, 28, 17, 54, 42, 429920), 3.1, 3.95]","[datetime.datetime(2022, 11, 28, 17, 54, 42, 429920), 2.7, 3.1]","[datetime.datetime(2022, 11, 28, 17, 54, 42, 429920), 21.0, 70.0]","[datetime.datetime(2022, 11, 28, 17, 54, 42, 429920), 12.0, 21.0]","[datetime.datetime(2022, 11, 28, 17, 54, 42, 429920), 10.0, 13.0]"
31,"[datetime.datetime(2022, 11, 28, 17, 54, 43, 586217), 4.8, 7.0]","[datetime.datetime(2022, 11, 28, 17, 54, 43, 586217), 8.0, 8.6]","[datetime.datetime(2022, 11, 28, 17, 54, 43, 586217), 71.0, 170.0]","[datetime.datetime(2022, 11, 28, 17, 54, 43, 586217), 3.1, 3.95]","[datetime.datetime(2022, 11, 28, 17, 54, 43, 586217), 2.7, 3.1]","[datetime.datetime(2022, 11, 28, 17, 54, 43, 586217), 21.0, 70.0]","[datetime.datetime(2022, 11, 28, 17, 54, 43, 586217), 12.0, 21.0]","[datetime.datetime(2022, 11, 28, 17, 54, 43, 586217), 10.0, 13.0]"
32,"[datetime.datetime(2022, 11, 28, 17, 54, 44, 740223), 4.8, 7.0]","[datetime.datetime(2022, 11, 28, 17, 54, 44, 740223), 8.0, 8.6]","[datetime.datetime(2022, 11, 28, 17, 54, 44, 740223), 71.0, 170.0]","[datetime.datetime(2022, 11, 28, 17, 54, 44, 740223), 3.1, 3.95]","[datetime.datetime(2022, 11, 28, 17, 54, 44, 740223), 2.7, 3.1]","[datetime.datetime(2022, 11, 28, 17, 54, 44, 740223), 21.0, 70.0]","[datetime.datetime(2022, 11, 28, 17, 54, 44, 740223), 12.0, 21.0]","[datetime.datetime(2022, 11, 28, 17, 54, 44, 740223), 10.0, 13.0]"
33,"[datetime.datetime(2022, 11, 28, 17, 54, 45, 879854), 4.8, 7.0]","[datetime.datetime(2022, 11, 28, 17, 54, 45, 879854), 8.0, 8.6]","[datetime.datetime(2022, 11, 28, 17, 54, 45, 879854), 71.0, 170.0]","[datetime.datetime(2022, 11, 28, 17, 54, 45, 879854), 3.1, 3.95]","[datetime.datetime(2022, 11, 28, 17, 54, 45, 879854), 2.7, 3.1]","[datetime.datetime(2022, 11, 28, 17, 54, 45, 879854), 21.0, 70.0]","[datetime.datetime(2022, 11, 28, 17, 54, 45, 879854), 12.0, 21.0]","[datetime.datetime(2022, 11, 28, 17, 54, 45, 879854), 10.0, 13.0]"
34,"[datetime.datetime(2022, 11, 28, 17, 54, 47, 34905), 4.8, 7.0]","[datetime.datetime(2022, 11, 28, 17, 54, 47, 34905), 8.0, 8.6]","[datetime.datetime(2022, 11, 28, 17, 54, 47, 34905), 71.0, 170.0]","[datetime.datetime(2022, 11, 28, 17, 54, 47, 34905), 3.1, 3.95]","[datetime.datetime(2022, 11, 28, 17, 54, 47, 34905), 2.7, 3.1]","[datetime.datetime(2022, 11, 28, 17, 54, 47, 34905), 21.0, 70.0]","[datetime.datetime(2022, 11, 28, 17, 54, 47, 34905), 12.0, 21.0]","[datetime.datetime(2022, 11, 28, 17, 54, 47, 34905), 10.0, 13.0]"
35,"[datetime.datetime(2022, 11, 28, 17, 54, 48, 181407), 4.8, 7.0]","[datetime.datetime(2022, 11, 28, 17, 54, 48, 181407), 8.0, 8.6]","[datetime.datetime(2022, 11, 28, 17, 54, 48, 181407), 71.0, 170.0]","[datetime.datetime(2022, 11, 28, 17, 54, 48, 181407), 3.1, 3.95]","[datetime.datetime(2022, 11, 28, 17, 54, 48, 181407), 2.7, 3.1]","[datetime.datetime(2022, 11, 28, 17, 54, 48, 181407), 21.0, 70.0]","[datetime.datetime(2022, 11, 28, 17, 54, 48, 181407), 12.0, 21.0]","[datetime.datetime(2022, 11, 28, 17, 54, 48, 181407), 10.0, 13.0]"
36,"[datetime.datetime(2022, 11, 28, 17, 54, 49, 349171), 4.8, 7.0]","[datetime.datetime(2022, 11, 28, 17, 54, 49, 349171), 8.0, 8.6]","[datetime.datetime(2022, 11, 28, 17, 54, 49, 349171), 71.0, 170.0]","[datetime.datetime(2022, 11, 28, 17, 54, 49, 349171), 3.1, 3.95]","[datetime.datetime(2022, 11, 28, 17, 54, 49, 349171), 2.7, 3.1]","[datetime.datetime(2022, 11, 28, 17, 54, 49, 349171), 21.0, 70.0]","[datetime.datetime(2022, 11, 28, 17, 54, 49, 349171), 12.0, 21.0]","[datetime.datetime(2022, 11, 28, 17, 54, 49, 349171), 10.0, 13.0]"
37,"[datetime.datetime(2022, 11, 28, 17, 54, 50, 537421), 4.8, 7.0]","[datetime.datetime(2022, 11, 28, 17, 54, 50, 537421), 7.5, 8.6]","[datetime.datetime(2022, 11, 28, 17, 54, 50, 537421), 71.0, 170.0]","[datetime.datetime(2022, 11, 28, 17, 54, 50, 537421), 3.1, 3.9]","[datetime.datetime(2022, 11, 28, 17, 54, 50, 537421), 2.7, 3.15]","[datetime.datetime(2022, 11, 28, 17, 54, 50, 537421), 21.0, 70.0]","[datetime.datetime(2022, 11, 28, 17, 54, 50, 537421), 12.0, 21.0]","[datetime.datetime(2022, 11, 28, 17, 54, 50, 537421), 10.0, 13.0]"
38,"[datetime.datetime(2022, 11, 28, 17, 54, 51, 670457), 4.8, 6.6]","[datetime.datetime(2022, 11, 28, 17, 54, 51, 670457), 7.5, 8.4]","[datetime.datetime(2022, 11, 28, 17, 54, 51, 670457), 71.0, 170.0]","[datetime.datetime(2022, 11, 28, 17, 54, 51, 670457), 3.1, 3.9]","[datetime.datetime(2022, 11, 28, 17, 54, 51, 670457), 2.7, 3.15]","[datetime.datetime(2022, 11, 28, 17, 54, 51, 670457), 21.0, 70.0]","[datetime.datetime(2022, 11, 28, 17, 54, 51, 670457), 12.0, 21.0]","[datetime.datetime(2022, 11, 28, 17, 54, 51, 670457), 10.0, 13.0]"
39,"[datetime.datetime(2022, 11, 28, 17, 54, 52, 814464), 4.8, 6.6]","[datetime.datetime(2022, 11, 28, 17, 54, 52, 814464), 7.5, 8.4]","[datetime.datetime(2022, 11, 28, 17, 54, 52, 814464), 71.0, 170.0]","[datetime.datetime(2022, 11, 28, 17, 54, 52, 814464), 3.1, 3.9]","[datetime.datetime(2022, 11, 28, 17, 54, 52, 814464), 2.7, 3.15]","[datetime.datetime(2022, 11, 28, 17, 54, 52, 814464), 21.0, 70.0]","[datetime.datetime(2022, 11, 28, 17, 54, 52, 814464), 12.0, 21.0]","[datetime.datetime(2022, 11, 28, 17, 54, 52, 814464), 10.0, 13.0]"
40,"[datetime.datetime(2022, 11, 28, 17, 54, 53, 950315), 4.8, 6.6]","[datetime.datetime(2022, 11, 28, 17, 54, 53, 950315), 7.5, 8.4]","[datetime.datetime(2022, 11, 28, 17, 54, 53, 950315), 71.0, 170.0]","[datetime.datetime(2022, 11, 28, 17, 54, 53, 950315), 3.1, 3.9]","[datetime.datetime(2022, 11, 28, 17, 54, 53, 950315), 2.7, 3.15]","[datetime.datetime(2022, 11, 28, 17, 54, 53, 950315), 21.0, 70.0]","[datetime.datetime(2022, 11, 28, 17, 54, 53, 950315), 12.0, 21.0]","[datetime.datetime(2022, 11, 28, 17, 54, 53, 950315), 10.0, 13.0]"
41,"[datetime.datetime(2022, 11, 28, 17, 54, 55, 168002), 4.8, 6.6]","[datetime.datetime(2022, 11, 28, 17, 54, 55, 168002), 7.5, 8.4]","[datetime.datetime(2022, 11, 28, 17, 54, 55, 168002), 71.0, 170.0]","[datetime.datetime(2022, 11, 28, 17, 54, 55, 168002), 3.1, 3.9]","[datetime.datetime(2022, 11, 28, 17, 54, 55, 168002), 2.7, 3.15]","[datetime.datetime(2022, 11, 28, 17, 54, 55, 168002), 21.0, 70.0]","[datetime.datetime(2022, 11, 28, 17, 54, 55, 168002), 12.0, 21.0]","[datetime.datetime(2022, 11, 28, 17, 54, 55, 168002), 10.0, 13.0]"
42,"[datetime.datetime(2022, 11, 28, 17, 54, 56, 319628), 4.8, 6.6]","[datetime.datetime(2022, 11, 28, 17, 54, 56, 319628), 7.5, 8.4]","[datetime.datetime(2022, 11, 28, 17, 54, 56, 319628), 71.0, 170.0]","[datetime.datetime(2022, 11, 28, 17, 54, 56, 319628), 3.1, 3.9]","[datetime.datetime(2022, 11, 28, 17, 54, 56, 319628), 2.7, 3.15]","[datetime.datetime(2022, 11, 28, 17, 54, 56, 319628), 21.0, 70.0]","[datetime.datetime(2022, 11, 28, 17, 54, 56, 319628), 12.0, 21.0]","[datetime.datetime(2022, 11, 28, 17, 54, 56, 319628), 10.0, 13.0]"
43,"[datetime.datetime(2022, 11, 28, 17, 54, 57, 443902), 4.8, 6.6]","[datetime.datetime(2022, 11, 28, 17, 54, 57, 443902), 7.5, 8.4]","[datetime.datetime(2022, 11, 28, 17, 54, 57, 443902), 71.0, 170.0]","[datetime.datetime(2022, 11, 28, 17, 54, 57, 443902), 3.1, 3.9]","[datetime.datetime(2022, 11, 28, 17, 54, 57, 443902), 2.7, 3.15]","[datetime.datetime(2022, 11, 28, 17, 54, 57, 443902), 21.0, 70.0]","[datetime.datetime(2022, 11, 28, 17, 54, 57, 443902), 12.0, 21.0]","[datetime.datetime(2022, 11, 28, 17, 54, 57, 443902), 10.0, 13.0]"
44,"[datetime.datetime(2022, 11, 28, 17, 54, 58, 582524), 4.8, 6.6]","[datetime.datetime(2022, 11, 28, 17, 54, 58, 582524), 7.5, 8.4]","[datetime.datetime(2022, 11, 28, 17, 54, 58, 582524), 71.0, 170.0]","[datetime.datetime(2022, 11, 28, 17, 54, 58, 582524), 3.1, 3.9]","[datetime.datetime(2022, 11, 28, 17, 54, 58, 582524), 2.7, 3.15]","[datetime.datetime(2022, 11, 28, 17, 54, 58, 582524), 21.0, 70.0]","[datetime.datetime(2022, 11, 28, 17, 54, 58, 582524), 12.0, 21.0]","[datetime.datetime(2022, 11, 28, 17, 54, 58, 582524), 10.0, 13.0]"
45,"[datetime.datetime(2022, 11, 28, 17, 54, 59, 719031), 4.8, 6.6]","[datetime.datetime(2022, 11, 28, 17, 54, 59, 719031), 7.5, 8.4]","[datetime.datetime(2022, 11, 28, 17, 54, 59, 719031), 71.0, 170.0]","[datetime.datetime(2022, 11, 28, 17, 54, 59, 719031), 3.1, 3.9]","[datetime.datetime(2022, 11, 28, 17, 54, 59, 719031), 2.7, 3.15]","[datetime.datetime(2022, 11, 28, 17, 54, 59, 719031), 21.0, 70.0]","[datetime.datetime(2022, 11, 28, 17, 54, 59, 719031), 12.0, 21.0]","[datetime.datetime(2022, 11, 28, 17, 54, 59, 719031), 10.0, 13.0]"
46,"[datetime.datetime(2022, 11, 28, 17, 55, 0, 872125), 4.8, 6.6]","[datetime.datetime(2022, 11, 28, 17, 55, 0, 872125), 7.5, 8.4]","[datetime.datetime(2022, 11, 28, 17, 55, 0, 872125), 71.0, 170.0]","[datetime.datetime(2022, 11, 28, 17, 55, 0, 872125), 3.1, 3.9]","[datetime.datetime(2022, 11, 28, 17, 55, 0, 872125), 2.7, 3.15]","[datetime.datetime(2022, 11, 28, 17, 55, 0, 872125), 21.0, 70.0]","[datetime.datetime(2022, 11, 28, 17, 55, 0, 872125), 12.0, 21.0]","[datetime.datetime(2022, 11, 28, 17, 55, 0, 872125), 10.0, 13.0]"
47,"[datetime.datetime(2022, 11, 28, 17, 55, 1, 996933), 4.8, 6.6]","[datetime.datetime(2022, 11, 28, 17, 55, 1, 996933), 7.5, 8.4]","[datetime.datetime(2022, 11, 28, 17, 55, 1, 996933), 71.0, 170.0]","[datetime.datetime(2022, 11, 28, 17, 55, 1, 996933), 3.1, 3.9]","[datetime.datetime(2022, 11, 28, 17, 55, 1, 996933), 2.7, 3.15]","[datetime.datetime(2022, 11, 28, 17, 55, 1, 996933), 21.0, 70.0]","[datetime.datetime(2022, 11, 28, 17, 55, 1, 996933), 12.0, 21.0]","[datetime.datetime(2022, 11, 28, 17, 55, 1, 996933), 10.0, 13.0]"
48,"[datetime.datetime(2022, 11, 28, 17, 55, 3, 133316), 4.8, 6.6]","[datetime.datetime(2022, 11, 28, 17, 55, 3, 133316), 7.5, 8.4]","[datetime.datetime(2022, 11, 28, 17, 55, 3, 133316), 71.0, 170.0]","[datetime.datetime(2022, 11, 28, 17, 55, 3, 133316), 3.1, 3.9]","[datetime.datetime(2022, 11, 28, 17, 55, 3, 133316), 2.7, 3.15]","[datetime.datetime(2022, 11, 28, 17, 55, 3, 133316), 21.0, 70.0]","[datetime.datetime(2022, 11, 28, 17, 55, 3, 133316), 12.0, 21.0]","[datetime.datetime(2022, 11, 28, 17, 55, 3, 133316), 10.0, 13.0]"
49,"[datetime.datetime(2022, 11, 28, 17, 55, 4, 279338), 4.8, 6.6]","[datetime.datetime(2022, 11, 28, 17, 55, 4, 279338), 7.5, 8.4]","[datetime.datetime(2022, 11, 28, 17, 55, 4, 279338), 71.0, 170.0]","[datetime.datetime(2022, 11, 28, 17, 55, 4, 279338), 3.1, 3.9]","[datetime.datetime(2022, 11, 28, 17, 55, 4, 279338), 2.7, 3.15]","[datetime.datetime(2022, 11, 28, 17, 55, 4, 279338), 21.0, 70.0]","[datetime.datetime(2022, 11, 28, 17, 55, 4, 279338), 12.0, 21.0]","[datetime.datetime(2022, 11, 28, 17, 55, 4, 279338), 10.0, 13.0]"
50,"[datetime.datetime(2022, 11, 28, 17, 55, 5, 509271), 4.8, 6.6]","[datetime.datetime(2022, 11, 28, 17, 55, 5, 509271), 7.5, 8.4]","[datetime.datetime(2022, 11, 28, 17, 55, 5, 509271), 71.0, 170.0]","[datetime.datetime(2022, 11, 28, 17, 55, 5, 509271), 3.1, 3.9]","[datetime.datetime(2022, 11, 28, 17, 55, 5, 509271), 2.7, 3.15]","[datetime.datetime(2022, 11, 28, 17, 55, 5, 509271), 21.0, 70.0]","[datetime.datetime(2022, 11, 28, 17, 55, 5, 509271), 12.0, 21.0]","[datetime.datetime(2022, 11, 28, 17, 55, 5, 509271), 10.0, 13.0]"
51,"[datetime.datetime(2022, 11, 28, 17, 55, 6, 640378), 4.8, 6.6]","[datetime.datetime(2022, 11, 28, 17, 55, 6, 640378), 7.5, 9.6]","[datetime.datetime(2022, 11, 28, 17, 55, 6, 640378), 71.0, 170.0]","[datetime.datetime(2022, 11, 28, 17, 55, 6, 640378), 3.1, 3.8]","[datetime.datetime(2022, 11, 28, 17, 55, 6, 640378), 2.7, 3.15]","[datetime.datetime(2022, 11, 28, 17, 55, 6, 640378), 21.0, 70.0]","[datetime.datetime(2022, 11, 28, 17, 55, 6, 640378), 12.0, 21.0]","[datetime.datetime(2022, 11, 28, 17, 55, 6, 640378), 10.0, 13.0]"
52,"[datetime.datetime(2022, 11, 28, 17, 55, 7, 789571), 5.0, 6.6]","[datetime.datetime(2022, 11, 28, 17, 55, 7, 789571), 7.5, 9.6]","[datetime.datetime(2022, 11, 28, 17, 55, 7, 789571), 81.0, 170.0]","[datetime.datetime(2022, 11, 28, 17, 55, 7, 789571), 3.1, 3.8]","[datetime.datetime(2022, 11, 28, 17, 55, 7, 789571), 2.6, 3.15]","[datetime.datetime(2022, 11, 28, 17, 55, 7, 789571), 26.0, 70.0]","[datetime.datetime(2022, 11, 28, 17, 55, 7, 789571), 13.0, 21.0]","[datetime.datetime(2022, 11, 28, 17, 55, 7, 789571), 10.0, 13.0]"
53,"[datetime.datetime(2022, 11, 28, 17, 55, 8, 928605), 5.0, 6.6]","[datetime.datetime(2022, 11, 28, 17, 55, 8, 928605), 7.5, 10.0]","[datetime.datetime(2022, 11, 28, 17, 55, 8, 928605), 81.0, 170.0]","[datetime.datetime(2022, 11, 28, 17, 55, 8, 928605), 3.1, 3.8]","[datetime.datetime(2022, 11, 28, 17, 55, 8, 928605), 2.6, 3.15]","[datetime.datetime(2022, 11, 28, 17, 55, 8, 928605), 26.0, 70.0]","[datetime.datetime(2022, 11, 28, 17, 55, 8, 928605), 13.0, 21.0]","[datetime.datetime(2022, 11, 28, 17, 55, 8, 928605), 10.0, 13.0]"
54,"[datetime.datetime(2022, 11, 28, 17, 55, 10, 62172), 5.0, 6.6]","[datetime.datetime(2022, 11, 28, 17, 55, 10, 62172), 7.5, 10.0]","[datetime.datetime(2022, 11, 28, 17, 55, 10, 62172), 81.0, 170.0]","[datetime.datetime(2022, 11, 28, 17, 55, 10, 62172), 3.1, 3.8]","[datetime.datetime(2022, 11, 28, 17, 55, 10, 62172), 2.6, 3.15]","[datetime.datetime(2022, 11, 28, 17, 55, 10, 62172), 26.0, 70.0]","[datetime.datetime(2022, 11, 28, 17, 55, 10, 62172), 13.0, 21.0]","[datetime.datetime(2022, 11, 28, 17, 55, 10, 62172), 10.0, 13.0]"
55,"[datetime.datetime(2022, 11, 28, 17, 55, 11, 234290), 5.0, 6.6]","[datetime.datetime(2022, 11, 28, 17, 55, 11, 234290), 7.5, 10.0]","[datetime.datetime(2022, 11, 28, 17, 55, 11, 234290), 81.0, 170.0]","[datetime.datetime(2022, 11, 28, 17, 55, 11, 234290), 3.1, 3.8]","[datetime.datetime(2022, 11, 28, 17, 55, 11, 234290), 2.6, 3.15]","[datetime.datetime(2022, 11, 28, 17, 55, 11, 234290), 26.0, 70.0]","[datetime.datetime(2022, 11, 28, 17, 55, 11, 234290), 13.0, 21.0]","[datetime.datetime(2022, 11, 28, 17, 55, 11, 234290), 10.0, 13.0]"
56,"[datetime.datetime(2022, 11, 28, 17, 55, 12, 365033), 5.0, 6.6]","[datetime.datetime(2022, 11, 28, 17, 55, 12, 365033), 7.5, 10.0]","[datetime.datetime(2022, 11, 28, 17, 55, 12, 365033), 81.0, 170.0]","[datetime.datetime(2022, 11, 28, 17, 55, 12, 365033), 3.1, 3.8]","[datetime.datetime(2022, 11, 28, 17, 55, 12, 365033), 2.6, 3.15]","[datetime.datetime(2022, 11, 28, 17, 55, 12, 365033), 26.0, 70.0]","[datetime.datetime(2022, 11, 28, 17, 55, 12, 365033), 13.0, 21.0]","[datetime.datetime(2022, 11, 28, 17, 55, 12, 365033), 10.0, 13.0]"
57,"[datetime.datetime(2022, 11, 28, 17, 55, 13, 542265), 5.0, 6.6]","[datetime.datetime(2022, 11, 28, 17, 55, 13, 542265), 7.5, 10.0]","[datetime.datetime(2022, 11, 28, 17, 55, 13, 542265), 81.0, 170.0]","[datetime.datetime(2022, 11, 28, 17, 55, 13, 542265), 3.1, 3.8]","[datetime.datetime(2022, 11, 28, 17, 55, 13, 542265), 2.6, 3.15]","[datetime.datetime(2022, 11, 28, 17, 55, 13, 542265), 26.0, 70.0]","[datetime.datetime(2022, 11, 28, 17, 55, 13, 542265), 13.0, 21.0]","[datetime.datetime(2022, 11, 28, 17, 55, 13, 542265), 10.0, 13.0]"
58,"[datetime.datetime(2022, 11, 28, 17, 55, 14, 673696), 5.0, 6.6]","[datetime.datetime(2022, 11, 28, 17, 55, 14, 673696), 7.5, 10.0]","[datetime.datetime(2022, 11, 28, 17, 55, 14, 673696), 81.0, 180.0]","[datetime.datetime(2022, 11, 28, 17, 55, 14, 673696), 3.1, 3.75]","[datetime.datetime(2022, 11, 28, 17, 55, 14, 673696), 2.6, 3.15]","[datetime.datetime(2022, 11, 28, 17, 55, 14, 673696), 26.0, 70.0]","[datetime.datetime(2022, 11, 28, 17, 55, 14, 673696), 13.0, 21.0]","[datetime.datetime(2022, 11, 28, 17, 55, 14, 673696), 10.0, 13.0]"
59,"[datetime.datetime(2022, 11, 28, 17, 55, 15, 837793), 5.0, 6.6]","[datetime.datetime(2022, 11, 28, 17, 55, 15, 837793), 7.5, 10.0]","[datetime.datetime(2022, 11, 28, 17, 55, 15, 837793), 81.0, 180.0]","[datetime.datetime(2022, 11, 28, 17, 55, 15, 837793), 3.1, 3.75]","[datetime.datetime(2022, 11, 28, 17, 55, 15, 837793), 2.6, 3.15]","[datetime.datetime(2022, 11, 28, 17, 55, 15, 837793), 26.0, 70.0]","[datetime.datetime(2022, 11, 28, 17, 55, 15, 837793), 13.0, 21.0]","[datetime.datetime(2022, 11, 28, 17, 55, 15, 837793), 10.0, 13.0]"
60,"[datetime.datetime(2022, 11, 28, 17, 55, 16, 976294), 5.0, 6.6]","[datetime.datetime(2022, 11, 28, 17, 55, 16, 976294), 7.5, 10.0]","[datetime.datetime(2022, 11, 28, 17, 55, 16, 976294), 81.0, 180.0]","[datetime.datetime(2022, 11, 28, 17, 55, 16, 976294), 3.1, 3.75]","[datetime.datetime(2022, 11, 28, 17, 55, 16, 976294), 2.6, 3.15]","[datetime.datetime(2022, 11, 28, 17, 55, 16, 976294), 26.0, 70.0]","[datetime.datetime(2022, 11, 28, 17, 55, 16, 976294), 13.0, 21.0]","[datetime.datetime(2022, 11, 28, 17, 55, 16, 976294), 10.0, 13.0]"
61,"[datetime.datetime(2022, 11, 28, 17, 55, 18, 146100), 5.0, 6.6]","[datetime.datetime(2022, 11, 28, 17, 55, 18, 146100), 7.5, 10.0]","[datetime.datetime(2022, 11, 28, 17, 55, 18, 146100), 81.0, 180.0]","[datetime.datetime(2022, 11, 28, 17, 55, 18, 146100), 3.1, 3.7]","[datetime.datetime(2022, 11, 28, 17, 55, 18, 146100), 2.6, 3.15]","[datetime.datetime(2022, 11, 28, 17, 55, 18, 146100), 26.0, 70.0]","[datetime.datetime(2022, 11, 28, 17, 55, 18, 146100), 13.0, 21.0]","[datetime.datetime(2022, 11, 28, 17, 55, 18, 146100), 10.0, 13.0]"
62,"[datetime.datetime(2022, 11, 28, 17, 55, 19, 318083), 5.0, 6.6]","[datetime.datetime(2022, 11, 28, 17, 55, 19, 318083), 7.5, 10.5]","[datetime.datetime(2022, 11, 28, 17, 55, 19, 318083), 81.0, 180.0]","[datetime.datetime(2022, 11, 28, 17, 55, 19, 318083), 3.1, 3.7]","[datetime.datetime(2022, 11, 28, 17, 55, 19, 318083), 2.6, 3.15]","[datetime.datetime(2022, 11, 28, 17, 55, 19, 318083), 26.0, 70.0]","[datetime.datetime(2022, 11, 28, 17, 55, 19, 318083), 13.0, 21.0]","[datetime.datetime(2022, 11, 28, 17, 55, 19, 318083), 10.0, 13.0]"
63,"[datetime.datetime(2022, 11, 28, 17, 55, 20, 456408), 5.0, 6.6]","[datetime.datetime(2022, 11, 28, 17, 55, 20, 456408), 7.5, 10.5]","[datetime.datetime(2022, 11, 28, 17, 55, 20, 456408), 81.0, 180.0]","[datetime.datetime(2022, 11, 28, 17, 55, 20, 456408), 3.1, 3.7]","[datetime.datetime(2022, 11, 28, 17, 55, 20, 456408), 2.6, 3.15]","[datetime.datetime(2022, 11, 28, 17, 55, 20, 456408), 26.0, 70.0]","[datetime.datetime(2022, 11, 28, 17, 55, 20, 456408), 13.0, 21.0]","[datetime.datetime(2022, 11, 28, 17, 55, 20, 456408), 10.0, 13.0]"
64,"[datetime.datetime(2022, 11, 28, 17, 55, 21, 591895), 5.0, 6.6]","[datetime.datetime(2022, 11, 28, 17, 55, 21, 591895), 7.5, 10.5]","[datetime.datetime(2022, 11, 28, 17, 55, 21, 591895), 81.0, 180.0]","[datetime.datetime(2022, 11, 28, 17, 55, 21, 591895), 3.1, 3.7]","[datetime.datetime(2022, 11, 28, 17, 55, 21, 591895), 2.6, 3.15]","[datetime.datetime(2022, 11, 28, 17, 55, 21, 591895), 26.0, 70.0]","[datetime.datetime(2022, 11, 28, 17, 55, 21, 591895), 13.0, 21.0]","[datetime.datetime(2022, 11, 28, 17, 55, 21, 591895), 10.0, 13.0]"
65,"[datetime.datetime(2022, 11, 28, 17, 55, 22, 744558), 5.0, 6.6]","[datetime.datetime(2022, 11, 28, 17, 55, 22, 744558), 7.5, 10.5]","[datetime.datetime(2022, 11, 28, 17, 55, 22, 744558), 81.0, 180.0]","[datetime.datetime(2022, 11, 28, 17, 55, 22, 744558), 3.1, 3.7]","[datetime.datetime(2022, 11, 28, 17, 55, 22, 744558), 2.6, 3.15]","[datetime.datetime(2022, 11, 28, 17, 55, 22, 744558), 26.0, 70.0]","[datetime.datetime(2022, 11, 28, 17, 55, 22, 744558), 13.0, 21.0]","[datetime.datetime(2022, 11, 28, 17, 55, 22, 744558), 10.0, 13.0]"
66,"[datetime.datetime(2022, 11, 28, 17, 55, 23, 892562), 5.0, 6.6]","[datetime.datetime(2022, 11, 28, 17, 55, 23, 892562), 7.5, 10.5]","[datetime.datetime(2022, 11, 28, 17, 55, 23, 892562), 81.0, 180.0]","[datetime.datetime(2022, 11, 28, 17, 55, 23, 892562), 3.1, 3.7]","[datetime.datetime(2022, 11, 28, 17, 55, 23, 892562), 2.6, 3.15]","[datetime.datetime(2022, 11, 28, 17, 55, 23, 892562), 26.0, 70.0]","[datetime.datetime(2022, 11, 28, 17, 55, 23, 892562), 13.0, 21.0]","[datetime.datetime(2022, 11, 28, 17, 55, 23, 892562), 10.0, 13.0]"
67,"[datetime.datetime(2022, 11, 28, 17, 55, 25, 65571), 5.0, 6.6]","[datetime.datetime(2022, 11, 28, 17, 55, 25, 65571), 7.5, 10.5]","[datetime.datetime(2022, 11, 28, 17, 55, 25, 65571), 81.0, 180.0]","[datetime.datetime(2022, 11, 28, 17, 55, 25, 65571), 3.1, 3.7]","[datetime.datetime(2022, 11, 28, 17, 55, 25, 65571), 2.6, 3.15]","[datetime.datetime(2022, 11, 28, 17, 55, 25, 65571), 26.0, 70.0]","[datetime.datetime(2022, 11, 28, 17, 55, 25, 65571), 13.0, 21.0]","[datetime.datetime(2022, 11, 28, 17, 55, 25, 65571), 10.0, 13.0]"
68,"[datetime.datetime(2022, 11, 28, 17, 55, 26, 205028), 5.0, 6.8]","[datetime.datetime(2022, 11, 28, 17, 55, 26, 205028), 7.5, 10.5]","[datetime.datetime(2022, 11, 28, 17, 55, 26, 205028), 81.0, 180.0]","[datetime.datetime(2022, 11, 28, 17, 55, 26, 205028), 3.1, 3.7]","[datetime.datetime(2022, 11, 28, 17, 55, 26, 205028), 2.6, 3.15]","[datetime.datetime(2022, 11, 28, 17, 55, 26, 205028), 26.0, 70.0]","[datetime.datetime(2022, 11, 28, 17, 55, 26, 205028), 13.0, 21.0]","[datetime.datetime(2022, 11, 28, 17, 55, 26, 205028), 10.0, 13.5]"
69,"[datetime.datetime(2022, 11, 28, 17, 55, 27, 334174), 5.0, 6.8]","[datetime.datetime(2022, 11, 28, 17, 55, 27, 334174), 7.5, 10.5]","[datetime.datetime(2022, 11, 28, 17, 55, 27, 334174), 81.0, 180.0]","[datetime.datetime(2022, 11, 28, 17, 55, 27, 334174), 3.1, 3.7]","[datetime.datetime(2022, 11, 28, 17, 55, 27, 334174), 2.6, 3.15]","[datetime.datetime(2022, 11, 28, 17, 55, 27, 334174), 26.0, 70.0]","[datetime.datetime(2022, 11, 28, 17, 55, 27, 334174), 13.0, 21.0]","[datetime.datetime(2022, 11, 28, 17, 55, 27, 334174), 10.0, 13.5]"
70,"[datetime.datetime(2022, 11, 28, 17, 55, 28, 489509), 5.0, 6.8]","[datetime.datetime(2022, 11, 28, 17, 55, 28, 489509), 7.5, 10.5]","[datetime.datetime(2022, 11, 28, 17, 55, 28, 489509), 81.0, 180.0]","[datetime.datetime(2022, 11, 28, 17, 55, 28, 489509), 3.1, 3.7]","[datetime.datetime(2022, 11, 28, 17, 55, 28, 489509), 2.6, 3.15]","[datetime.datetime(2022, 11, 28, 17, 55, 28, 489509), 26.0, 70.0]","[datetime.datetime(2022, 11, 28, 17, 55, 28, 489509), 13.0, 21.0]","[datetime.datetime(2022, 11, 28, 17, 55, 28, 489509), 10.0, 13.5]"
71,"[datetime.datetime(2022, 11, 28, 17, 55, 29, 649611), 5.0, 6.8]","[datetime.datetime(2022, 11, 28, 17, 55, 29, 649611), 7.5, 10.5]","[datetime.datetime(2022, 11, 28, 17, 55, 29, 649611), 81.0, 180.0]","[datetime.datetime(2022, 11, 28, 17, 55, 29, 649611), 3.1, 3.7]","[datetime.datetime(2022, 11, 28, 17, 55, 29, 649611), 2.6, 3.15]","[datetime.datetime(2022, 11, 28, 17, 55, 29, 649611), 26.0, 70.0]","[datetime.datetime(2022, 11, 28, 17, 55, 29, 649611), 13.0, 21.0]","[datetime.datetime(2022, 11, 28, 17, 55, 29, 649611), 10.0, 13.5]"
72,"[datetime.datetime(2022, 11, 28, 17, 55, 30, 784590), 5.0, 6.8]","[datetime.datetime(2022, 11, 28, 17, 55, 30, 784590), 7.5, 10.5]","[datetime.datetime(2022, 11, 28, 17, 55, 30, 784590), 81.0, 180.0]","[datetime.datetime(2022, 11, 28, 17, 55, 30, 784590), 3.1, 3.7]","[datetime.datetime(2022, 11, 28, 17, 55, 30, 784590), 2.6, 3.15]","[datetime.datetime(2022, 11, 28, 17, 55, 30, 784590), 26.0, 70.0]","[datetime.datetime(2022, 11, 28, 17, 55, 30, 784590), 13.0, 21.0]","[datetime.datetime(2022, 11, 28, 17, 55, 30, 784590), 10.0, 13.5]"
73,"[datetime.datetime(2022, 11, 28, 17, 55, 31, 939865), 5.0, 6.8]","[datetime.datetime(2022, 11, 28, 17, 55, 31, 939865), 7.5, 10.5]","[datetime.datetime(2022, 11, 28, 17, 55, 31, 939865), 81.0, 180.0]","[datetime.datetime(2022, 11, 28, 17, 55, 31, 939865), 3.1, 3.7]","[datetime.datetime(2022, 11, 28, 17, 55, 31, 939865), 2.6, 3.15]","[datetime.datetime(2022, 11, 28, 17, 55, 31, 939865), 26.0, 70.0]","[datetime.datetime(2022, 11, 28, 17, 55, 31, 939865), 13.0, 21.0]","[datetime.datetime(2022, 11, 28, 17, 55, 31, 939865), 10.0, 13.5]"
74,"[datetime.datetime(2022, 11, 28, 17, 55, 33, 71925), 5.0, 6.8]","[datetime.datetime(2022, 11, 28, 17, 55, 33, 71925), 7.5, 10.5]","[datetime.datetime(2022, 11, 28, 17, 55, 33, 71925), 81.0, 180.0]","[datetime.datetime(2022, 11, 28, 17, 55, 33, 71925), 3.1, 3.7]","[datetime.datetime(2022, 11, 28, 17, 55, 33, 71925), 2.6, 3.15]","[datetime.datetime(2022, 11, 28, 17, 55, 33, 71925), 26.0, 70.0]","[datetime.datetime(2022, 11, 28, 17, 55, 33, 71925), 13.0, 21.0]","[datetime.datetime(2022, 11, 28, 17, 55, 33, 71925), 10.0, 13.5]"
75,"[datetime.datetime(2022, 11, 28, 17, 55, 34, 215516), 5.0, 6.8]","[datetime.datetime(2022, 11, 28, 17, 55, 34, 215516), 7.5, 10.5]","[datetime.datetime(2022, 11, 28, 17, 55, 34, 215516), 81.0, 180.0]","[datetime.datetime(2022, 11, 28, 17, 55, 34, 215516), 3.1, 3.7]","[datetime.datetime(2022, 11, 28, 17, 55, 34, 215516), 2.6, 3.15]","[datetime.datetime(2022, 11, 28, 17, 55, 34, 215516), 26.0, 70.0]","[datetime.datetime(2022, 11, 28, 17, 55, 34, 215516), 13.0, 21.0]","[datetime.datetime(2022, 11, 28, 17, 55, 34, 215516), 10.0, 13.5]"
76,"[datetime.datetime(2022, 11, 28, 17, 55, 35, 354825), 4.8, 6.8]","[datetime.datetime(2022, 11, 28, 17, 55, 35, 354825), 8.0, 10.5]","[datetime.datetime(2022, 11, 28, 17, 55, 35, 354825), 81.0, 180.0]","[datetime.datetime(2022, 11, 28, 17, 55, 35, 354825), 3.1, 3.7]","[datetime.datetime(2022, 11, 28, 17, 55, 35, 354825), 2.6, 3.15]","[datetime.datetime(2022, 11, 28, 17, 55, 35, 354825), 31.0, 70.0]","[datetime.datetime(2022, 11, 28, 17, 55, 35, 354825), 14.0, 21.0]","[datetime.datetime(2022, 11, 28, 17, 55, 35, 354825), 10.0, 13.5]"
77,"[datetime.datetime(2022, 11, 28, 17, 55, 36, 498795), 4.8, 6.8]","[datetime.datetime(2022, 11, 28, 17, 55, 36, 498795), 8.0, 10.5]","[datetime.datetime(2022, 11, 28, 17, 55, 36, 498795), 81.0, 180.0]","[datetime.datetime(2022, 11, 28, 17, 55, 36, 498795), 3.1, 3.7]","[datetime.datetime(2022, 11, 28, 17, 55, 36, 498795), 2.6, 3.15]","[datetime.datetime(2022, 11, 28, 17, 55, 36, 498795), 31.0, 70.0]","[datetime.datetime(2022, 11, 28, 17, 55, 36, 498795), 14.0, 21.0]","[datetime.datetime(2022, 11, 28, 17, 55, 36, 498795), 10.0, 13.5]"
78,"[datetime.datetime(2022, 11, 28, 17, 55, 37, 646415), 5.0, 7.0]","[datetime.datetime(2022, 11, 28, 17, 55, 37, 646415), 8.0, 10.5]","[datetime.datetime(2022, 11, 28, 17, 55, 37, 646415), 91.0, 180.0]","[datetime.datetime(2022, 11, 28, 17, 55, 37, 646415), 3.2, 3.6]","[datetime.datetime(2022, 11, 28, 17, 55, 37, 646415), 2.6, 3.05]","[datetime.datetime(2022, 11, 28, 17, 55, 37, 646415), 31.0, 70.0]","[datetime.datetime(2022, 11, 28, 17, 55, 37, 646415), 14.0, 21.0]","[datetime.datetime(2022, 11, 28, 17, 55, 37, 646415), 11.0, 13.5]"
79,"[datetime.datetime(2022, 11, 28, 17, 55, 38, 796416), 5.0, 7.0]","[datetime.datetime(2022, 11, 28, 17, 55, 38, 796416), 8.0, 10.5]","[datetime.datetime(2022, 11, 28, 17, 55, 38, 796416), 91.0, 180.0]","[datetime.datetime(2022, 11, 28, 17, 55, 38, 796416), 3.2, 3.6]","[datetime.datetime(2022, 11, 28, 17, 55, 38, 796416), 2.6, 3.1]","[datetime.datetime(2022, 11, 28, 17, 55, 38, 796416), 31.0, 70.0]","[datetime.datetime(2022, 11, 28, 17, 55, 38, 796416), 14.0, 21.0]","[datetime.datetime(2022, 11, 28, 17, 55, 38, 796416), 11.0, 13.5]"
80,"[datetime.datetime(2022, 11, 28, 17, 55, 39, 928157), 5.0, 7.0]","[datetime.datetime(2022, 11, 28, 17, 55, 39, 928157), 8.0, 10.5]","[datetime.datetime(2022, 11, 28, 17, 55, 39, 928157), 91.0, 180.0]","[datetime.datetime(2022, 11, 28, 17, 55, 39, 928157), 3.2, 3.6]","[datetime.datetime(2022, 11, 28, 17, 55, 39, 928157), 2.6, 3.1]","[datetime.datetime(2022, 11, 28, 17, 55, 39, 928157), 31.0, 70.0]","[datetime.datetime(2022, 11, 28, 17, 55, 39, 928157), 14.0, 21.0]","[datetime.datetime(2022, 11, 28, 17, 55, 39, 928157), 11.0, 13.5]"
81,"[datetime.datetime(2022, 11, 28, 17, 55, 41, 54936), 5.0, 7.0]","[datetime.datetime(2022, 11, 28, 17, 55, 41, 54936), 8.0, 10.5]","[datetime.datetime(2022, 11, 28, 17, 55, 41, 54936), 91.0, 180.0]","[datetime.datetime(2022, 11, 28, 17, 55, 41, 54936), 3.2, 3.6]","[datetime.datetime(2022, 11, 28, 17, 55, 41, 54936), 2.6, 3.1]","[datetime.datetime(2022, 11, 28, 17, 55, 41, 54936), 31.0, 70.0]","[datetime.datetime(2022, 11, 28, 17, 55, 41, 54936), 14.0, 21.0]","[datetime.datetime(2022, 11, 28, 17, 55, 41, 54936), 11.0, 13.5]"
82,"[datetime.datetime(2022, 11, 28, 17, 55, 42, 231801), 5.0, 7.0]","[datetime.datetime(2022, 11, 28, 17, 55, 42, 231801), 8.0, 10.5]","[datetime.datetime(2022, 11, 28, 17, 55, 42, 231801), 91.0, 180.0]","[datetime.datetime(2022, 11, 28, 17, 55, 42, 231801), 3.2, 3.6]","[datetime.datetime(2022, 11, 28, 17, 55, 42, 231801), 2.6, 3.1]","[datetime.datetime(2022, 11, 28, 17, 55, 42, 231801), 31.0, 70.0]","[datetime.datetime(2022, 11, 28, 17, 55, 42, 231801), 14.0, 21.0]","[datetime.datetime(2022, 11, 28, 17, 55, 42, 231801), 11.0, 13.5]"
83,"[datetime.datetime(2022, 11, 28, 17, 55, 43, 368866), 5.0, 7.0]","[datetime.datetime(2022, 11, 28, 17, 55, 43, 368866), 8.0, 10.5]","[datetime.datetime(2022, 11, 28, 17, 55, 43, 368866), 91.0, 180.0]","[datetime.datetime(2022, 11, 28, 17, 55, 43, 368866), 3.2, 3.6]","[datetime.datetime(2022, 11, 28, 17, 55, 43, 368866), 2.6, 3.1]","[datetime.datetime(2022, 11, 28, 17, 55, 43, 368866), 31.0, 70.0]","[datetime.datetime(2022, 11, 28, 17, 55, 43, 368866), 14.0, 21.0]","[datetime.datetime(2022, 11, 28, 17, 55, 43, 368866), 11.0, 13.5]"
84,"[datetime.datetime(2022, 11, 28, 17, 55, 44, 506363), 5.0, 7.0]","[datetime.datetime(2022, 11, 28, 17, 55, 44, 506363), 8.0, 10.5]","[datetime.datetime(2022, 11, 28, 17, 55, 44, 506363), 91.0, 180.0]","[datetime.datetime(2022, 11, 28, 17, 55, 44, 506363), 3.2, 3.6]","[datetime.datetime(2022, 11, 28, 17, 55, 44, 506363), 2.6, 3.1]","[datetime.datetime(2022, 11, 28, 17, 55, 44, 506363), 31.0, 70.0]","[datetime.datetime(2022, 11, 28, 17, 55, 44, 506363), 14.0, 21.0]","[datetime.datetime(2022, 11, 28, 17, 55, 44, 506363), 11.0, 13.5]"
85,"[datetime.datetime(2022, 11, 28, 17, 55, 45, 641000), 5.0, 7.0]","[datetime.datetime(2022, 11, 28, 17, 55, 45, 641000), 8.0, 10.5]","[datetime.datetime(2022, 11, 28, 17, 55, 45, 641000), 91.0, 180.0]","[datetime.datetime(2022, 11, 28, 17, 55, 45, 641000), 3.2, 3.6]","[datetime.datetime(2022, 11, 28, 17, 55, 45, 641000), 2.6, 3.1]","[datetime.datetime(2022, 11, 28, 17, 55, 45, 641000), 31.0, 70.0]","[datetime.datetime(2022, 11, 28, 17, 55, 45, 641000), 14.0, 21.0]","[datetime.datetime(2022, 11, 28, 17, 55, 45, 641000), 11.0, 13.5]"
86,"[datetime.datetime(2022, 11, 28, 17, 55, 46, 782181), 5.0, 7.0]","[datetime.datetime(2022, 11, 28, 17, 55, 46, 782181), 8.0, 10.5]","[datetime.datetime(2022, 11, 28, 17, 55, 46, 782181), 91.0, 180.0]","[datetime.datetime(2022, 11, 28, 17, 55, 46, 782181), 3.2, 3.6]","[datetime.datetime(2022, 11, 28, 17, 55, 46, 782181), 2.6, 3.1]","[datetime.datetime(2022, 11, 28, 17, 55, 46, 782181), 31.0, 70.0]","[datetime.datetime(2022, 11, 28, 17, 55, 46, 782181), 14.0, 21.0]","[datetime.datetime(2022, 11, 28, 17, 55, 46, 782181), 11.0, 13.5]"
87,"[datetime.datetime(2022, 11, 28, 17, 55, 47, 945261), 5.0, 7.0]","[datetime.datetime(2022, 11, 28, 17, 55, 47, 945261), 8.0, 10.5]","[datetime.datetime(2022, 11, 28, 17, 55, 47, 945261), 91.0, 180.0]","[datetime.datetime(2022, 11, 28, 17, 55, 47, 945261), 3.2, 3.6]","[datetime.datetime(2022, 11, 28, 17, 55, 47, 945261), 2.6, 3.1]","[datetime.datetime(2022, 11, 28, 17, 55, 47, 945261), 31.0, 70.0]","[datetime.datetime(2022, 11, 28, 17, 55, 47, 945261), 14.0, 21.0]","[datetime.datetime(2022, 11, 28, 17, 55, 47, 945261), 11.0, 13.5]"
88,"[datetime.datetime(2022, 11, 28, 17, 55, 49, 91305), 5.0, 7.0]","[datetime.datetime(2022, 11, 28, 17, 55, 49, 91305), 8.0, 10.5]","[datetime.datetime(2022, 11, 28, 17, 55, 49, 91305), 91.0, 180.0]","[datetime.datetime(2022, 11, 28, 17, 55, 49, 91305), 3.2, 3.6]","[datetime.datetime(2022, 11, 28, 17, 55, 49, 91305), 2.6, 3.1]","[datetime.datetime(2022, 11, 28, 17, 55, 49, 91305), 31.0, 70.0]","[datetime.datetime(2022, 11, 28, 17, 55, 49, 91305), 14.0, 21.0]","[datetime.datetime(2022, 11, 28, 17, 55, 49, 91305), 11.0, 13.5]"
89,"[datetime.datetime(2022, 11, 28, 17, 55, 50, 220913), 5.0, 7.0]","[datetime.datetime(2022, 11, 28, 17, 55, 50, 220913), 8.0, 10.5]","[datetime.datetime(2022, 11, 28, 17, 55, 50, 220913), 91.0, 180.0]","[datetime.datetime(2022, 11, 28, 17, 55, 50, 220913), 3.2, 3.6]","[datetime.datetime(2022, 11, 28, 17, 55, 50, 220913), 2.6, 3.1]","[datetime.datetime(2022, 11, 28, 17, 55, 50, 220913), 31.0, 70.0]","[datetime.datetime(2022, 11, 28, 17, 55, 50, 220913), 14.0, 21.0]","[datetime.datetime(2022, 11, 28, 17, 55, 50, 220913), 11.0, 13.5]"
90,"[datetime.datetime(2022, 11, 28, 17, 55, 51, 355868), 5.0, 7.0]","[datetime.datetime(2022, 11, 28, 17, 55, 51, 355868), 8.0, 10.5]","[datetime.datetime(2022, 11, 28, 17, 55, 51, 355868), 91.0, 180.0]","[datetime.datetime(2022, 11, 28, 17, 55, 51, 355868), 3.2, 3.6]","[datetime.datetime(2022, 11, 28, 17, 55, 51, 355868), 2.6, 3.1]","[datetime.datetime(2022, 11, 28, 17, 55, 51, 355868), 31.0, 70.0]","[datetime.datetime(2022, 11, 28, 17, 55, 51, 355868), 14.0, 21.0]","[datetime.datetime(2022, 11, 28, 17, 55, 51, 355868), 11.0, 13.5]"
91,"[datetime.datetime(2022, 11, 28, 17, 55, 52, 487608), 5.0, 7.0]","[datetime.datetime(2022, 11, 28, 17, 55, 52, 487608), 8.0, 10.5]","[datetime.datetime(2022, 11, 28, 17, 55, 52, 487608), 91.0, 180.0]","[datetime.datetime(2022, 11, 28, 17, 55, 52, 487608), 3.2, 3.6]","[datetime.datetime(2022, 11, 28, 17, 55, 52, 487608), 2.6, 3.1]","[datetime.datetime(2022, 11, 28, 17, 55, 52, 487608), 31.0, 70.0]","[datetime.datetime(2022, 11, 28, 17, 55, 52, 487608), 14.0, 21.0]","[datetime.datetime(2022, 11, 28, 17, 55, 52, 487608), 11.0, 13.5]"
92,"[datetime.datetime(2022, 11, 28, 17, 55, 53, 611650), 5.0, 7.0]","[datetime.datetime(2022, 11, 28, 17, 55, 53, 611650), 8.0, 10.5]","[datetime.datetime(2022, 11, 28, 17, 55, 53, 611650), 91.0, 180.0]","[datetime.datetime(2022, 11, 28, 17, 55, 53, 611650), 3.2, 3.6]","[datetime.datetime(2022, 11, 28, 17, 55, 53, 611650), 2.6, 3.1]","[datetime.datetime(2022, 11, 28, 17, 55, 53, 611650), 31.0, 70.0]","[datetime.datetime(2022, 11, 28, 17, 55, 53, 611650), 14.0, 21.0]","[datetime.datetime(2022, 11, 28, 17, 55, 53, 611650), 11.0, 13.5]"
93,"[datetime.datetime(2022, 11, 28, 17, 55, 54, 816008), 5.0, 7.0]","[datetime.datetime(2022, 11, 28, 17, 55, 54, 816008), 8.0, 10.5]","[datetime.datetime(2022, 11, 28, 17, 55, 54, 816008), 91.0, 180.0]","[datetime.datetime(2022, 11, 28, 17, 55, 54, 816008), 3.2, 3.6]","[datetime.datetime(2022, 11, 28, 17, 55, 54, 816008), 2.6, 3.1]","[datetime.datetime(2022, 11, 28, 17, 55, 54, 816008), 31.0, 70.0]","[datetime.datetime(2022, 11, 28, 17, 55, 54, 816008), 14.0, 21.0]","[datetime.datetime(2022, 11, 28, 17, 55, 54, 816008), 11.0, 13.5]"
94,"[datetime.datetime(2022, 11, 28, 17, 55, 55, 953360), 5.0, 7.0]","[datetime.datetime(2022, 11, 28, 17, 55, 55, 953360), 8.0, 10.5]","[datetime.datetime(2022, 11, 28, 17, 55, 55, 953360), 91.0, 180.0]","[datetime.datetime(2022, 11, 28, 17, 55, 55, 953360), 3.2, 3.6]","[datetime.datetime(2022, 11, 28, 17, 55, 55, 953360), 2.6, 3.1]","[datetime.datetime(2022, 11, 28, 17, 55, 55, 953360), 31.0, 70.0]","[datetime.datetime(2022, 11, 28, 17, 55, 55, 953360), 14.0, 21.0]","[datetime.datetime(2022, 11, 28, 17, 55, 55, 953360), 11.0, 13.5]"
95,"[datetime.datetime(2022, 11, 28, 17, 55, 57, 87135), 5.0, 7.0]","[datetime.datetime(2022, 11, 28, 17, 55, 57, 87135), 8.0, 10.5]","[datetime.datetime(2022, 11, 28, 17, 55, 57, 87135), 91.0, 180.0]","[datetime.datetime(2022, 11, 28, 17, 55, 57, 87135), 3.2, 3.6]","[datetime.datetime(2022, 11, 28, 17, 55, 57, 87135), 2.6, 3.1]","[datetime.datetime(2022, 11, 28, 17, 55, 57, 87135), 31.0, 70.0]","[datetime.datetime(2022, 11, 28, 17, 55, 57, 87135), 14.0, 21.0]","[datetime.datetime(2022, 11, 28, 17, 55, 57, 87135), 11.0, 13.5]"
96,"[datetime.datetime(2022, 11, 28, 17, 55, 58, 224726), 5.0, 7.0]","[datetime.datetime(2022, 11, 28, 17, 55, 58, 224726), 8.0, 10.5]","[datetime.datetime(2022, 11, 28, 17, 55, 58, 224726), 91.0, 180.0]","[datetime.datetime(2022, 11, 28, 17, 55, 58, 224726), 3.2, 3.6]","[datetime.datetime(2022, 11, 28, 17, 55, 58, 224726), 2.6, 3.1]","[datetime.datetime(2022, 11, 28, 17, 55, 58, 224726), 31.0, 70.0]","[datetime.datetime(2022, 11, 28, 17, 55, 58, 224726), 14.0, 21.0]","[datetime.datetime(2022, 11, 28, 17, 55, 58, 224726), 11.0, 13.5]"
97,"[datetime.datetime(2022, 11, 28, 17, 55, 59, 359074), 5.0, 7.0]","[datetime.datetime(2022, 11, 28, 17, 55, 59, 359074), 8.0, 10.5]","[datetime.datetime(2022, 11, 28, 17, 55, 59, 359074), 91.0, 180.0]","[datetime.datetime(2022, 11, 28, 17, 55, 59, 359074), 3.1, 3.6]","[datetime.datetime(2022, 11, 28, 17, 55, 59, 359074), 2.6, 3.1]","[datetime.datetime(2022, 11, 28, 17, 55, 59, 359074), 31.0, 70.0]","[datetime.datetime(2022, 11, 28, 17, 55, 59, 359074), 14.0, 21.0]","[datetime.datetime(2022, 11, 28, 17, 55, 59, 359074), 11.0, 13.5]"
98,"[datetime.datetime(2022, 11, 28, 17, 56, 0, 500736), 5.0, 7.0]","[datetime.datetime(2022, 11, 28, 17, 56, 0, 500736), 8.0, 9.8]","[datetime.datetime(2022, 11, 28, 17, 56, 0, 500736), 91.0, 180.0]","[datetime.datetime(2022, 11, 28, 17, 56, 0, 500736), 3.1, 3.85]","[datetime.datetime(2022, 11, 28, 17, 56, 0, 500736), 2.6, 2.98]","[datetime.datetime(2022, 11, 28, 17, 56, 0, 500736), 31.0, 70.0]","[datetime.datetime(2022, 11, 28, 17, 56, 0, 500736), 14.0, 20.0]","[datetime.datetime(2022, 11, 28, 17, 56, 0, 500736), 11.0, 13.0]"
99,"[datetime.datetime(2022, 11, 28, 17, 56, 1, 649344), 5.0, 7.4]","[datetime.datetime(2022, 11, 28, 17, 56, 1, 649344), 8.0, 9.6]","[datetime.datetime(2022, 11, 28, 17, 56, 1, 649344), 91.0, 180.0]","[datetime.datetime(2022, 11, 28, 17, 56, 1, 649344), 3.1, 3.85]","[datetime.datetime(2022, 11, 28, 17, 56, 1, 649344), 2.6, 2.98]","[datetime.datetime(2022, 11, 28, 17, 56, 1, 649344), 31.0, 70.0]","[datetime.datetime(2022, 11, 28, 17, 56, 1, 649344), 14.0, 20.0]","[datetime.datetime(2022, 11, 28, 17, 56, 1, 649344), 11.0, 13.5]"
100,"[datetime.datetime(2022, 11, 28, 17, 56, 2, 796555), 5.0, 7.2]","[datetime.datetime(2022, 11, 28, 17, 56, 2, 796555), 8.0, 9.6]","[datetime.datetime(2022, 11, 28, 17, 56, 2, 796555), 91.0, 180.0]","[datetime.datetime(2022, 11, 28, 17, 56, 2, 796555), 3.2, 3.85]","[datetime.datetime(2022, 11, 28, 17, 56, 2, 796555), 2.6, 2.96]","[datetime.datetime(2022, 11, 28, 17, 56, 2, 796555), 31.0, 60.0]","[datetime.datetime(2022, 11, 28, 17, 56, 2, 796555), 14.0, 19.0]","[datetime.datetime(2022, 11, 28, 17, 56, 2, 796555), 11.0, 13.5]"
101,"[datetime.datetime(2022, 11, 28, 17, 56, 3, 933719), 5.0, 7.4]","[datetime.datetime(2022, 11, 28, 17, 56, 3, 933719), 8.0, 9.6]","[datetime.datetime(2022, 11, 28, 17, 56, 3, 933719), 91.0, 180.0]","[datetime.datetime(2022, 11, 28, 17, 56, 3, 933719), 3.2, 3.85]","[datetime.datetime(2022, 11, 28, 17, 56, 3, 933719), 2.6, 2.96]","[datetime.datetime(2022, 11, 28, 17, 56, 3, 933719), 31.0, 60.0]","[datetime.datetime(2022, 11, 28, 17, 56, 3, 933719), 14.0, 19.0]","[datetime.datetime(2022, 11, 28, 17, 56, 3, 933719), 11.0, 13.5]"
102,"[datetime.datetime(2022, 11, 28, 17, 56, 5, 79454), 5.0, 7.4]","[datetime.datetime(2022, 11, 28, 17, 56, 5, 79454), 8.0, 9.6]","[datetime.datetime(2022, 11, 28, 17, 56, 5, 79454), 91.0, 180.0]","[datetime.datetime(2022, 11, 28, 17, 56, 5, 79454), 3.2, 3.85]","[datetime.datetime(2022, 11, 28, 17, 56, 5, 79454), 2.6, 2.96]","[datetime.datetime(2022, 11, 28, 17, 56, 5, 79454), 31.0, 60.0]","[datetime.datetime(2022, 11, 28, 17, 56, 5, 79454), 14.0, 19.0]","[datetime.datetime(2022, 11, 28, 17, 56, 5, 79454), 11.0, 13.5]"
103,"[datetime.datetime(2022, 11, 28, 17, 56, 6, 231175), 5.0, 7.4]","[datetime.datetime(2022, 11, 28, 17, 56, 6, 231175), 8.0, 9.0]","[datetime.datetime(2022, 11, 28, 17, 56, 6, 231175), 91.0, 180.0]","[datetime.datetime(2022, 11, 28, 17, 56, 6, 231175), 3.2, 3.8]","[datetime.datetime(2022, 11, 28, 17, 56, 6, 231175), 2.6, 3.15]","[datetime.datetime(2022, 11, 28, 17, 56, 6, 231175), 31.0, 65.0]","[datetime.datetime(2022, 11, 28, 17, 56, 6, 231175), 14.0, 19.0]","[datetime.datetime(2022, 11, 28, 17, 56, 6, 231175), 11.0, 13.0]"
104,"[datetime.datetime(2022, 11, 28, 17, 56, 7, 401828), 5.0, 7.4]","[datetime.datetime(2022, 11, 28, 17, 56, 7, 401828), 8.0, 8.8]","[datetime.datetime(2022, 11, 28, 17, 56, 7, 401828), 91.0, 180.0]","[datetime.datetime(2022, 11, 28, 17, 56, 7, 401828), 3.2, 3.75]","[datetime.datetime(2022, 11, 28, 17, 56, 7, 401828), 2.6, 3.15]","[datetime.datetime(2022, 11, 28, 17, 56, 7, 401828), 31.0, 65.0]","[datetime.datetime(2022, 11, 28, 17, 56, 7, 401828), 14.0, 18.0]","[datetime.datetime(2022, 11, 28, 17, 56, 7, 401828), 11.0, 13.5]"
105,"[datetime.datetime(2022, 11, 28, 17, 56, 8, 543049), 5.0, 7.4]","[datetime.datetime(2022, 11, 28, 17, 56, 8, 543049), 8.0, 8.8]","[datetime.datetime(2022, 11, 28, 17, 56, 8, 543049), 91.0, 180.0]","[datetime.datetime(2022, 11, 28, 17, 56, 8, 543049), 3.2, 3.8]","[datetime.datetime(2022, 11, 28, 17, 56, 8, 543049), 2.6, 3.15]","[datetime.datetime(2022, 11, 28, 17, 56, 8, 543049), 31.0, 65.0]","[datetime.datetime(2022, 11, 28, 17, 56, 8, 543049), 14.0, 18.0]","[datetime.datetime(2022, 11, 28, 17, 56, 8, 543049), 11.0, 13.5]"
106,"[datetime.datetime(2022, 11, 28, 17, 56, 9, 671668), 5.0, 7.4]","[datetime.datetime(2022, 11, 28, 17, 56, 9, 671668), 8.0, 8.8]","[datetime.datetime(2022, 11, 28, 17, 56, 9, 671668), 91.0, 180.0]","[datetime.datetime(2022, 11, 28, 17, 56, 9, 671668), 3.2, 3.9]","[datetime.datetime(2022, 11, 28, 17, 56, 9, 671668), 2.6, 3.1]","[datetime.datetime(2022, 11, 28, 17, 56, 9, 671668), 31.0, 65.0]","[datetime.datetime(2022, 11, 28, 17, 56, 9, 671668), 14.0, 18.0]","[datetime.datetime(2022, 11, 28, 17, 56, 9, 671668), 11.0, 13.5]"
107,"[datetime.datetime(2022, 11, 28, 17, 56, 10, 823065), 5.0, 7.4]","[datetime.datetime(2022, 11, 28, 17, 56, 10, 823065), 8.0, 8.8]","[datetime.datetime(2022, 11, 28, 17, 56, 10, 823065), 91.0, 180.0]","[datetime.datetime(2022, 11, 28, 17, 56, 10, 823065), 3.2, 3.9]","[datetime.datetime(2022, 11, 28, 17, 56, 10, 823065), 2.6, 3.1]","[datetime.datetime(2022, 11, 28, 17, 56, 10, 823065), 31.0, 65.0]","[datetime.datetime(2022, 11, 28, 17, 56, 10, 823065), 14.0, 18.0]","[datetime.datetime(2022, 11, 28, 17, 56, 10, 823065), 11.0, 13.5]"
108,"[datetime.datetime(2022, 11, 28, 17, 56, 11, 954305), 5.0, 7.4]","[datetime.datetime(2022, 11, 28, 17, 56, 11, 954305), 8.0, 8.8]","[datetime.datetime(2022, 11, 28, 17, 56, 11, 954305), 91.0, 180.0]","[datetime.datetime(2022, 11, 28, 17, 56, 11, 954305), 3.2, 3.85]","[datetime.datetime(2022, 11, 28, 17, 56, 11, 954305), 2.6, 3.1]","[datetime.datetime(2022, 11, 28, 17, 56, 11, 954305), 31.0, 60.0]","[datetime.datetime(2022, 11, 28, 17, 56, 11, 954305), 14.0, 18.0]","[datetime.datetime(2022, 11, 28, 17, 56, 11, 954305), 11.0, 13.5]"
109,"[datetime.datetime(2022, 11, 28, 17, 56, 13, 121041), 5.0, 7.4]","[datetime.datetime(2022, 11, 28, 17, 56, 13, 121041), 8.0, 8.8]","[datetime.datetime(2022, 11, 28, 17, 56, 13, 121041), 91.0, 190.0]","[datetime.datetime(2022, 11, 28, 17, 56, 13, 121041), 3.2, 3.85]","[datetime.datetime(2022, 11, 28, 17, 56, 13, 121041), 2.6, 3.1]","[datetime.datetime(2022, 11, 28, 17, 56, 13, 121041), 31.0, 60.0]","[datetime.datetime(2022, 11, 28, 17, 56, 13, 121041), 14.0, 18.0]","[datetime.datetime(2022, 11, 28, 17, 56, 13, 121041), 11.0, 13.5]"
110,"[datetime.datetime(2022, 11, 28, 17, 56, 14, 289196), 5.0, 7.4]","[datetime.datetime(2022, 11, 28, 17, 56, 14, 289196), 8.0, 8.8]","[datetime.datetime(2022, 11, 28, 17, 56, 14, 289196), 91.0, 190.0]","[datetime.datetime(2022, 11, 28, 17, 56, 14, 289196), 3.2, 3.85]","[datetime.datetime(2022, 11, 28, 17, 56, 14, 289196), 2.6, 3.1]","[datetime.datetime(2022, 11, 28, 17, 56, 14, 289196), 31.0, 65.0]","[datetime.datetime(2022, 11, 28, 17, 56, 14, 289196), 14.0, 18.0]","[datetime.datetime(2022, 11, 28, 17, 56, 14, 289196), 11.0, 13.5]"
111,"[datetime.datetime(2022, 11, 28, 17, 56, 15, 452435), 5.0, 7.4]","[datetime.datetime(2022, 11, 28, 17, 56, 15, 452435), 8.0, 8.6]","[datetime.datetime(2022, 11, 28, 17, 56, 15, 452435), 91.0, 190.0]","[datetime.datetime(2022, 11, 28, 17, 56, 15, 452435), 3.2, 3.9]","[datetime.datetime(2022, 11, 28, 17, 56, 15, 452435), 2.6, 3.05]","[datetime.datetime(2022, 11, 28, 17, 56, 15, 452435), 31.0, 65.0]","[datetime.datetime(2022, 11, 28, 17, 56, 15, 452435), 14.0, 18.0]","[datetime.datetime(2022, 11, 28, 17, 56, 15, 452435), 11.0, 13.5]"
112,"[datetime.datetime(2022, 11, 28, 17, 56, 16, 615522), 5.0, 7.4]","[datetime.datetime(2022, 11, 28, 17, 56, 16, 615522), 8.0, 8.6]","[datetime.datetime(2022, 11, 28, 17, 56, 16, 615522), 91.0, 190.0]","[datetime.datetime(2022, 11, 28, 17, 56, 16, 615522), 3.2, 3.9]","[datetime.datetime(2022, 11, 28, 17, 56, 16, 615522), 2.6, 3.05]","[datetime.datetime(2022, 11, 28, 17, 56, 16, 615522), 31.0, 65.0]","[datetime.datetime(2022, 11, 28, 17, 56, 16, 615522), 13.0, 18.0]","[datetime.datetime(2022, 11, 28, 17, 56, 16, 615522), 11.0, 13.5]"
113,"[datetime.datetime(2022, 11, 28, 17, 56, 17, 779681), 5.0, 7.4]","[datetime.datetime(2022, 11, 28, 17, 56, 17, 779681), 8.0, 8.6]","[datetime.datetime(2022, 11, 28, 17, 56, 17, 779681), 91.0, 190.0]","[datetime.datetime(2022, 11, 28, 17, 56, 17, 779681), 3.2, 3.9]","[datetime.datetime(2022, 11, 28, 17, 56, 17, 779681), 2.6, 3.05]","[datetime.datetime(2022, 11, 28, 17, 56, 17, 779681), 31.0, 60.0]","[datetime.datetime(2022, 11, 28, 17, 56, 17, 779681), 13.0, 18.0]","[datetime.datetime(2022, 11, 28, 17, 56, 17, 779681), 11.0, 13.5]"
114,"[datetime.datetime(2022, 11, 28, 17, 56, 18, 940521), 5.0, 7.4]","[datetime.datetime(2022, 11, 28, 17, 56, 18, 940521), 8.0, 8.6]","[datetime.datetime(2022, 11, 28, 17, 56, 18, 940521), 91.0, 190.0]","[datetime.datetime(2022, 11, 28, 17, 56, 18, 940521), 3.2, 3.9]","[datetime.datetime(2022, 11, 28, 17, 56, 18, 940521), 2.6, 3.05]","[datetime.datetime(2022, 11, 28, 17, 56, 18, 940521), 31.0, 60.0]","[datetime.datetime(2022, 11, 28, 17, 56, 18, 940521), 13.0, 18.0]","[datetime.datetime(2022, 11, 28, 17, 56, 18, 940521), 11.0, 13.5]"
115,"[datetime.datetime(2022, 11, 28, 17, 56, 20, 95789), 5.0, 7.4]","[datetime.datetime(2022, 11, 28, 17, 56, 20, 95789), 8.0, 8.6]","[datetime.datetime(2022, 11, 28, 17, 56, 20, 95789), 91.0, 200.0]","[datetime.datetime(2022, 11, 28, 17, 56, 20, 95789), 3.2, 3.9]","[datetime.datetime(2022, 11, 28, 17, 56, 20, 95789), 2.6, 3.05]","[datetime.datetime(2022, 11, 28, 17, 56, 20, 95789), 31.0, 60.0]","[datetime.datetime(2022, 11, 28, 17, 56, 20, 95789), 13.0, 18.0]","[datetime.datetime(2022, 11, 28, 17, 56, 20, 95789), 11.0, 13.5]"
116,"[datetime.datetime(2022, 11, 28, 17, 56, 21, 249392), 5.0, 7.6]","[datetime.datetime(2022, 11, 28, 17, 56, 21, 249392), 8.0, 7.6]","[datetime.datetime(2022, 11, 28, 17, 56, 21, 250388), 91.0, 200.0]","[datetime.datetime(2022, 11, 28, 17, 56, 21, 250388), 3.2, 4.0]","[datetime.datetime(2022, 11, 28, 17, 56, 21, 250388), 2.6, 3.1]","[datetime.datetime(2022, 11, 28, 17, 56, 21, 250388), 31.0, 60.0]","[datetime.datetime(2022, 11, 28, 17, 56, 21, 250388), 13.0, 19.0]","[datetime.datetime(2022, 11, 28, 17, 56, 21, 250388), 11.0, 13.5]"
117,"[datetime.datetime(2022, 11, 28, 17, 56, 22, 458047), 5.0, 7.2]","[datetime.datetime(2022, 11, 28, 17, 56, 22, 458047), 8.0, 8.0]","[datetime.datetime(2022, 11, 28, 17, 56, 22, 458047), 91.0, 200.0]","[datetime.datetime(2022, 11, 28, 17, 56, 22, 458047), 3.2, 4.0]","[datetime.datetime(2022, 11, 28, 17, 56, 22, 458047), 2.6, 3.1]","[datetime.datetime(2022, 11, 28, 17, 56, 22, 458047), 31.0, 60.0]","[datetime.datetime(2022, 11, 28, 17, 56, 22, 458047), 13.0, 18.5]","[datetime.datetime(2022, 11, 28, 17, 56, 22, 458047), 11.0, 13.5]"
118,"[datetime.datetime(2022, 11, 28, 17, 56, 23, 593961), 5.0, 7.2]","[datetime.datetime(2022, 11, 28, 17, 56, 23, 593961), 8.0, 7.6]","[datetime.datetime(2022, 11, 28, 17, 56, 23, 593961), 91.0, 200.0]","[datetime.datetime(2022, 11, 28, 17, 56, 23, 593961), 3.2, 4.0]","[datetime.datetime(2022, 11, 28, 17, 56, 23, 593961), 2.6, 3.1]","[datetime.datetime(2022, 11, 28, 17, 56, 23, 593961), 31.0, 60.0]","[datetime.datetime(2022, 11, 28, 17, 56, 23, 593961), 13.0, 19.0]","[datetime.datetime(2022, 11, 28, 17, 56, 23, 593961), 11.0, 13.5]"
119,"[datetime.datetime(2022, 11, 28, 17, 56, 24, 732558), 5.0, 7.2]","[datetime.datetime(2022, 11, 28, 17, 56, 24, 732558), 8.0, 7.6]","[datetime.datetime(2022, 11, 28, 17, 56, 24, 733560), 91.0, 200.0]","[datetime.datetime(2022, 11, 28, 17, 56, 24, 733560), 3.2, 4.0]","[datetime.datetime(2022, 11, 28, 17, 56, 24, 733560), 2.6, 3.1]","[datetime.datetime(2022, 11, 28, 17, 56, 24, 733560), 31.0, 60.0]","[datetime.datetime(2022, 11, 28, 17, 56, 24, 733560), 13.0, 19.0]","[datetime.datetime(2022, 11, 28, 17, 56, 24, 733560), 11.0, 13.5]"
120,"[datetime.datetime(2022, 11, 28, 17, 56, 25, 873403), 5.0, 7.0]","[datetime.datetime(2022, 11, 28, 17, 56, 25, 873403), 8.0, 7.6]","[datetime.datetime(2022, 11, 28, 17, 56, 25, 874403), 91.0, 200.0]","[datetime.datetime(2022, 11, 28, 17, 56, 25, 874403), 3.2, 4.0]","[datetime.datetime(2022, 11, 28, 17, 56, 25, 874403), 2.6, 3.1]","[datetime.datetime(2022, 11, 28, 17, 56, 25, 874403), 31.0, 65.0]","[datetime.datetime(2022, 11, 28, 17, 56, 25, 874403), 13.0, 19.5]","[datetime.datetime(2022, 11, 28, 17, 56, 25, 874403), 11.0, 13.5]"
121,"[datetime.datetime(2022, 11, 28, 17, 56, 27, 813978), 5.0, 7.2]","[datetime.datetime(2022, 11, 28, 17, 56, 27, 813978), 8.0, 7.8]","[datetime.datetime(2022, 11, 28, 17, 56, 27, 813978), 91.0, 200.0]","[datetime.datetime(2022, 11, 28, 17, 56, 27, 813978), 3.2, 4.1]","[datetime.datetime(2022, 11, 28, 17, 56, 27, 813978), 2.6, 3.15]","[datetime.datetime(2022, 11, 28, 17, 56, 27, 813978), 31.0, 65.0]","[datetime.datetime(2022, 11, 28, 17, 56, 27, 813978), 13.0, 15.5]","[datetime.datetime(2022, 11, 28, 17, 56, 27, 813978), 11.0, 13.5]"
122,"[datetime.datetime(2022, 11, 28, 17, 56, 29, 247268), 5.0, 7.2]","[datetime.datetime(2022, 11, 28, 17, 56, 29, 247268), 8.0, 7.8]","[datetime.datetime(2022, 11, 28, 17, 56, 29, 247268), 91.0, 210.0]","[datetime.datetime(2022, 11, 28, 17, 56, 29, 247268), 3.2, 4.1]","[datetime.datetime(2022, 11, 28, 17, 56, 29, 247268), 2.6, 3.15]","[datetime.datetime(2022, 11, 28, 17, 56, 29, 247268), 31.0, 65.0]","[datetime.datetime(2022, 11, 28, 17, 56, 29, 247268), 13.0, 15.5]","[datetime.datetime(2022, 11, 28, 17, 56, 29, 247268), 11.0, 14.0]"
123,"[datetime.datetime(2022, 11, 28, 17, 56, 30, 991482), 5.0, 7.2]","[datetime.datetime(2022, 11, 28, 17, 56, 30, 991482), 7.5, 8.0]","[datetime.datetime(2022, 11, 28, 17, 56, 30, 991482), 91.0, 210.0]","[datetime.datetime(2022, 11, 28, 17, 56, 30, 991482), 3.3, 4.1]","[datetime.datetime(2022, 11, 28, 17, 56, 30, 991482), 2.6, 3.15]","[datetime.datetime(2022, 11, 28, 17, 56, 30, 991482), 31.0, 65.0]","[datetime.datetime(2022, 11, 28, 17, 56, 30, 991482), 13.0, 15.5]","[datetime.datetime(2022, 11, 28, 17, 56, 30, 991482), 11.0, 14.0]"
124,"[datetime.datetime(2022, 11, 28, 17, 56, 32, 313987), 5.0, 7.6]","[datetime.datetime(2022, 11, 28, 17, 56, 32, 313987), 7.5, 8.0]","[datetime.datetime(2022, 11, 28, 17, 56, 32, 313987), 91.0, 210.0]","[datetime.datetime(2022, 11, 28, 17, 56, 32, 313987), 3.3, 4.1]","[datetime.datetime(2022, 11, 28, 17, 56, 32, 313987), 2.6, 3.2]","[datetime.datetime(2022, 11, 28, 17, 56, 32, 313987), 31.0, 65.0]","[datetime.datetime(2022, 11, 28, 17, 56, 32, 313987), 13.0, 15.5]","[datetime.datetime(2022, 11, 28, 17, 56, 32, 313987), 11.0, 11.0]"
125,"[datetime.datetime(2022, 11, 28, 17, 56, 33, 447263), 5.0, 7.6]","[datetime.datetime(2022, 11, 28, 17, 56, 33, 447263), 7.5, 7.8]","[datetime.datetime(2022, 11, 28, 17, 56, 33, 447263), 91.0, 210.0]","[datetime.datetime(2022, 11, 28, 17, 56, 33, 447263), 3.3, 4.2]","[datetime.datetime(2022, 11, 28, 17, 56, 33, 447263), 2.6, 3.15]","[datetime.datetime(2022, 11, 28, 17, 56, 33, 447263), 31.0, 65.0]","[datetime.datetime(2022, 11, 28, 17, 56, 33, 447263), 13.0, 16.0]","[datetime.datetime(2022, 11, 28, 17, 56, 33, 447263), 11.0, 11.5]"
126,"[datetime.datetime(2022, 11, 28, 17, 56, 34, 588750), 5.0, 7.6]","[datetime.datetime(2022, 11, 28, 17, 56, 34, 588750), 7.5, 7.8]","[datetime.datetime(2022, 11, 28, 17, 56, 34, 588750), 91.0, 220.0]","[datetime.datetime(2022, 11, 28, 17, 56, 34, 588750), 3.3, 4.2]","[datetime.datetime(2022, 11, 28, 17, 56, 34, 588750), 2.6, 3.15]","[datetime.datetime(2022, 11, 28, 17, 56, 34, 588750), 31.0, 65.0]","[datetime.datetime(2022, 11, 28, 17, 56, 34, 588750), 13.0, 15.5]","[datetime.datetime(2022, 11, 28, 17, 56, 34, 588750), 11.0, 11.5]"
127,"[datetime.datetime(2022, 11, 28, 17, 56, 35, 749625), 5.0, 7.6]","[datetime.datetime(2022, 11, 28, 17, 56, 35, 749625), 7.5, 7.8]","[datetime.datetime(2022, 11, 28, 17, 56, 35, 749625), 91.0, 220.0]","[datetime.datetime(2022, 11, 28, 17, 56, 35, 749625), 3.3, 4.2]","[datetime.datetime(2022, 11, 28, 17, 56, 35, 749625), 2.6, 3.15]","[datetime.datetime(2022, 11, 28, 17, 56, 35, 749625), 31.0, 65.0]","[datetime.datetime(2022, 11, 28, 17, 56, 35, 749625), 13.0, 15.5]","[datetime.datetime(2022, 11, 28, 17, 56, 35, 749625), 11.0, 11.5]"
128,"[datetime.datetime(2022, 11, 28, 17, 56, 36, 900840), 5.0, 7.6]","[datetime.datetime(2022, 11, 28, 17, 56, 36, 900840), 7.5, 7.8]","[datetime.datetime(2022, 11, 28, 17, 56, 36, 900840), 91.0, 220.0]","[datetime.datetime(2022, 11, 28, 17, 56, 36, 900840), 3.3, 4.2]","[datetime.datetime(2022, 11, 28, 17, 56, 36, 900840), 2.6, 3.15]","[datetime.datetime(2022, 11, 28, 17, 56, 36, 900840), 31.0, 65.0]","[datetime.datetime(2022, 11, 28, 17, 56, 36, 900840), 13.0, 15.5]","[datetime.datetime(2022, 11, 28, 17, 56, 36, 900840), 11.0, 11.5]"
129,"[datetime.datetime(2022, 11, 28, 17, 56, 38, 65449), 5.0, 7.6]","[datetime.datetime(2022, 11, 28, 17, 56, 38, 65449), 7.5, 7.8]","[datetime.datetime(2022, 11, 28, 17, 56, 38, 65449), 91.0, 220.0]","[datetime.datetime(2022, 11, 28, 17, 56, 38, 65449), 3.3, 4.2]","[datetime.datetime(2022, 11, 28, 17, 56, 38, 65449), 2.6, 3.15]","[datetime.datetime(2022, 11, 28, 17, 56, 38, 65449), 31.0, 70.0]","[datetime.datetime(2022, 11, 28, 17, 56, 38, 65449), 13.0, 15.5]","[datetime.datetime(2022, 11, 28, 17, 56, 38, 65449), 11.0, 11.5]"
130,"[datetime.datetime(2022, 11, 28, 17, 56, 39, 210767), 5.0, 7.6]","[datetime.datetime(2022, 11, 28, 17, 56, 39, 210767), 7.5, 7.8]","[datetime.datetime(2022, 11, 28, 17, 56, 39, 210767), 91.0, 220.0]","[datetime.datetime(2022, 11, 28, 17, 56, 39, 210767), 3.3, 4.3]","[datetime.datetime(2022, 11, 28, 17, 56, 39, 210767), 2.6, 3.1]","[datetime.datetime(2022, 11, 28, 17, 56, 39, 210767), 31.0, 70.0]","[datetime.datetime(2022, 11, 28, 17, 56, 39, 210767), 13.0, 15.5]","[datetime.datetime(2022, 11, 28, 17, 56, 39, 210767), 11.0, 11.5]"
131,"[datetime.datetime(2022, 11, 28, 17, 56, 40, 355454), 5.0, 7.6]","[datetime.datetime(2022, 11, 28, 17, 56, 40, 355454), 7.5, 7.8]","[datetime.datetime(2022, 11, 28, 17, 56, 40, 355454), 91.0, 220.0]","[datetime.datetime(2022, 11, 28, 17, 56, 40, 355454), 3.3, 4.3]","[datetime.datetime(2022, 11, 28, 17, 56, 40, 355454), 2.6, 3.1]","[datetime.datetime(2022, 11, 28, 17, 56, 40, 355454), 31.0, 70.0]","[datetime.datetime(2022, 11, 28, 17, 56, 40, 355454), 13.0, 15.0]","[datetime.datetime(2022, 11, 28, 17, 56, 40, 355454), 10.0, 11.5]"
132,"[datetime.datetime(2022, 11, 28, 17, 56, 41, 504155), 5.0, 7.6]","[datetime.datetime(2022, 11, 28, 17, 56, 41, 504155), 7.5, 7.8]","[datetime.datetime(2022, 11, 28, 17, 56, 41, 504155), 91.0, 220.0]","[datetime.datetime(2022, 11, 28, 17, 56, 41, 504155), 3.3, 4.3]","[datetime.datetime(2022, 11, 28, 17, 56, 41, 504155), 2.6, 3.1]","[datetime.datetime(2022, 11, 28, 17, 56, 41, 504155), 31.0, 70.0]","[datetime.datetime(2022, 11, 28, 17, 56, 41, 504155), 13.0, 15.0]","[datetime.datetime(2022, 11, 28, 17, 56, 41, 504155), 10.0, 11.5]"
133,"[datetime.datetime(2022, 11, 28, 17, 56, 42, 634060), 5.5, 7.8]","[datetime.datetime(2022, 11, 28, 17, 56, 42, 634060), 7.0, 7.8]","[datetime.datetime(2022, 11, 28, 17, 56, 42, 634060), 91.0, 220.0]","[datetime.datetime(2022, 11, 28, 17, 56, 42, 634060), 3.3, 4.3]","[datetime.datetime(2022, 11, 28, 17, 56, 42, 634060), 2.6, 3.15]","[datetime.datetime(2022, 11, 28, 17, 56, 42, 634060), 31.0, 70.0]","[datetime.datetime(2022, 11, 28, 17, 56, 42, 634060), 13.0, 15.0]","[datetime.datetime(2022, 11, 28, 17, 56, 42, 634060), 10.0, 11.5]"
134,"[datetime.datetime(2022, 11, 28, 17, 56, 43, 781183), 5.5, 7.6]","[datetime.datetime(2022, 11, 28, 17, 56, 43, 781183), 7.0, 7.8]","[datetime.datetime(2022, 11, 28, 17, 56, 43, 781183), 91.0, 220.0]","[datetime.datetime(2022, 11, 28, 17, 56, 43, 781183), 3.3, 4.3]","[datetime.datetime(2022, 11, 28, 17, 56, 43, 781183), 2.6, 3.15]","[datetime.datetime(2022, 11, 28, 17, 56, 43, 781183), 31.0, 70.0]","[datetime.datetime(2022, 11, 28, 17, 56, 43, 781183), 13.0, 15.0]","[datetime.datetime(2022, 11, 28, 17, 56, 43, 781183), 10.0, 11.5]"
135,"[datetime.datetime(2022, 11, 28, 17, 56, 44, 918681), 5.5, 7.6]","[datetime.datetime(2022, 11, 28, 17, 56, 44, 918681), 7.0, 7.6]","[datetime.datetime(2022, 11, 28, 17, 56, 44, 918681), 91.0, 220.0]","[datetime.datetime(2022, 11, 28, 17, 56, 44, 918681), 3.3, 4.3]","[datetime.datetime(2022, 11, 28, 17, 56, 44, 918681), 2.6, 3.15]","[datetime.datetime(2022, 11, 28, 17, 56, 44, 918681), 31.0, 70.0]","[datetime.datetime(2022, 11, 28, 17, 56, 44, 918681), 13.0, 15.0]","[datetime.datetime(2022, 11, 28, 17, 56, 44, 918681), 10.0, 11.5]"
136,"[datetime.datetime(2022, 11, 28, 17, 56, 46, 83004), 5.5, 7.8]","[datetime.datetime(2022, 11, 28, 17, 56, 46, 83004), 7.0, 7.8]","[datetime.datetime(2022, 11, 28, 17, 56, 46, 83004), 91.0, 220.0]","[datetime.datetime(2022, 11, 28, 17, 56, 46, 83004), 3.3, 4.2]","[datetime.datetime(2022, 11, 28, 17, 56, 46, 83004), 2.6, 3.15]","[datetime.datetime(2022, 11, 28, 17, 56, 46, 83004), 31.0, 70.0]","[datetime.datetime(2022, 11, 28, 17, 56, 46, 83004), 13.0, 15.0]","[datetime.datetime(2022, 11, 28, 17, 56, 46, 83004), 10.0, 11.5]"
137,"[datetime.datetime(2022, 11, 28, 17, 56, 47, 234300), 5.5, 7.8]","[datetime.datetime(2022, 11, 28, 17, 56, 47, 234300), 7.0, 7.6]","[datetime.datetime(2022, 11, 28, 17, 56, 47, 234300), 91.0, 210.0]","[datetime.datetime(2022, 11, 28, 17, 56, 47, 234300), 3.3, 4.2]","[datetime.datetime(2022, 11, 28, 17, 56, 47, 234300), 2.6, 3.2]","[datetime.datetime(2022, 11, 28, 17, 56, 47, 234300), 31.0, 60.0]","[datetime.datetime(2022, 11, 28, 17, 56, 47, 234300), 13.0, 15.0]","[datetime.datetime(2022, 11, 28, 17, 56, 47, 234300), 10.0, 11.5]"
138,"[datetime.datetime(2022, 11, 28, 17, 56, 48, 431478), 5.5, 8.0]","[datetime.datetime(2022, 11, 28, 17, 56, 48, 431478), 7.0, 7.6]","[datetime.datetime(2022, 11, 28, 17, 56, 48, 431478), 91.0, 210.0]","[datetime.datetime(2022, 11, 28, 17, 56, 48, 431478), 3.3, 4.2]","[datetime.datetime(2022, 11, 28, 17, 56, 48, 431478), 2.6, 3.2]","[datetime.datetime(2022, 11, 28, 17, 56, 48, 431478), 31.0, 60.0]","[datetime.datetime(2022, 11, 28, 17, 56, 48, 431478), 13.0, 15.0]","[datetime.datetime(2022, 11, 28, 17, 56, 48, 431478), 10.0, 11.0]"
139,"[datetime.datetime(2022, 11, 28, 17, 56, 49, 592369), 5.5, 8.0]","[datetime.datetime(2022, 11, 28, 17, 56, 49, 592369), 7.0, 7.6]","[datetime.datetime(2022, 11, 28, 17, 56, 49, 592369), 91.0, 210.0]","[datetime.datetime(2022, 11, 28, 17, 56, 49, 592369), 3.3, 4.2]","[datetime.datetime(2022, 11, 28, 17, 56, 49, 592369), 2.6, 3.2]","[datetime.datetime(2022, 11, 28, 17, 56, 49, 592369), 31.0, 60.0]","[datetime.datetime(2022, 11, 28, 17, 56, 49, 592369), 13.0, 15.0]","[datetime.datetime(2022, 11, 28, 17, 56, 49, 592369), 10.0, 11.0]"
140,"[datetime.datetime(2022, 11, 28, 17, 56, 50, 743433), 5.5, 8.0]","[datetime.datetime(2022, 11, 28, 17, 56, 50, 743433), 7.0, 7.6]","[datetime.datetime(2022, 11, 28, 17, 56, 50, 743433), 91.0, 210.0]","[datetime.datetime(2022, 11, 28, 17, 56, 50, 743433), 3.3, 4.2]","[datetime.datetime(2022, 11, 28, 17, 56, 50, 743433), 2.6, 3.2]","[datetime.datetime(2022, 11, 28, 17, 56, 50, 743433), 31.0, 60.0]","[datetime.datetime(2022, 11, 28, 17, 56, 50, 743433), 13.0, 15.0]","[datetime.datetime(2022, 11, 28, 17, 56, 50, 743433), 10.0, 11.0]"
141,"[datetime.datetime(2022, 11, 28, 17, 56, 51, 876016), 5.5, 8.0]","[datetime.datetime(2022, 11, 28, 17, 56, 51, 876016), 7.0, 7.6]","[datetime.datetime(2022, 11, 28, 17, 56, 51, 876016), 91.0, 220.0]","[datetime.datetime(2022, 11, 28, 17, 56, 51, 876016), 3.3, 4.2]","[datetime.datetime(2022, 11, 28, 17, 56, 51, 876016), 2.6, 3.2]","[datetime.datetime(2022, 11, 28, 17, 56, 51, 876016), 31.0, 60.0]","[datetime.datetime(2022, 11, 28, 17, 56, 51, 876016), 13.0, 15.0]","[datetime.datetime(2022, 11, 28, 17, 56, 51, 876016), 10.0, 11.5]"
142,"[datetime.datetime(2022, 11, 28, 17, 56, 53, 11204), 5.5, 8.0]","[datetime.datetime(2022, 11, 28, 17, 56, 53, 11204), 7.0, 7.6]","[datetime.datetime(2022, 11, 28, 17, 56, 53, 11204), 91.0, 220.0]","[datetime.datetime(2022, 11, 28, 17, 56, 53, 11204), 3.3, 4.2]","[datetime.datetime(2022, 11, 28, 17, 56, 53, 11204), 2.6, 3.2]","[datetime.datetime(2022, 11, 28, 17, 56, 53, 11204), 31.0, 60.0]","[datetime.datetime(2022, 11, 28, 17, 56, 53, 11204), 13.0, 15.0]","[datetime.datetime(2022, 11, 28, 17, 56, 53, 11204), 10.0, 11.5]"
143,"[datetime.datetime(2022, 11, 28, 17, 56, 54, 195834), 5.5, 8.0]","[datetime.datetime(2022, 11, 28, 17, 56, 54, 195834), 7.0, 7.6]","[datetime.datetime(2022, 11, 28, 17, 56, 54, 195834), 91.0, 240.0]","[datetime.datetime(2022, 11, 28, 17, 56, 54, 195834), 3.3, 4.1]","[datetime.datetime(2022, 11, 28, 17, 56, 54, 195834), 2.6, 3.25]","[datetime.datetime(2022, 11, 28, 17, 56, 54, 195834), 31.0, 60.0]","[datetime.datetime(2022, 11, 28, 17, 56, 54, 195834), 13.0, 14.5]","[datetime.datetime(2022, 11, 28, 17, 56, 54, 195834), 10.0, 11.5]"
144,"[datetime.datetime(2022, 11, 28, 17, 56, 55, 339956), 5.5, 8.0]","[datetime.datetime(2022, 11, 28, 17, 56, 55, 339956), 7.0, 7.6]","[datetime.datetime(2022, 11, 28, 17, 56, 55, 339956), 91.0, 240.0]","[datetime.datetime(2022, 11, 28, 17, 56, 55, 339956), 3.4, 4.1]","[datetime.datetime(2022, 11, 28, 17, 56, 55, 339956), 2.6, 3.25]","[datetime.datetime(2022, 11, 28, 17, 56, 55, 339956), 31.0, 60.0]","[datetime.datetime(2022, 11, 28, 17, 56, 55, 339956), 13.0, 14.5]","[datetime.datetime(2022, 11, 28, 17, 56, 55, 339956), 10.0, 11.5]"
145,"[datetime.datetime(2022, 11, 28, 17, 56, 56, 480145), 5.5, 8.0]","[datetime.datetime(2022, 11, 28, 17, 56, 56, 480145), 7.0, 7.6]","[datetime.datetime(2022, 11, 28, 17, 56, 56, 480145), 91.0, 230.0]","[datetime.datetime(2022, 11, 28, 17, 56, 56, 480145), 3.4, 4.2]","[datetime.datetime(2022, 11, 28, 17, 56, 56, 480145), 2.6, 3.2]","[datetime.datetime(2022, 11, 28, 17, 56, 56, 480145), 31.0, 60.0]","[datetime.datetime(2022, 11, 28, 17, 56, 56, 480145), 13.0, 14.5]","[datetime.datetime(2022, 11, 28, 17, 56, 56, 480145), 10.0, 11.5]"
146,"[datetime.datetime(2022, 11, 28, 17, 56, 57, 644067), 5.5, 8.0]","[datetime.datetime(2022, 11, 28, 17, 56, 57, 644067), 7.0, 7.6]","[datetime.datetime(2022, 11, 28, 17, 56, 57, 644067), 91.0, 230.0]","[datetime.datetime(2022, 11, 28, 17, 56, 57, 644067), 3.4, 4.2]","[datetime.datetime(2022, 11, 28, 17, 56, 57, 644067), 2.6, 3.2]","[datetime.datetime(2022, 11, 28, 17, 56, 57, 644067), 31.0, 60.0]","[datetime.datetime(2022, 11, 28, 17, 56, 57, 644067), 13.0, 14.5]","[datetime.datetime(2022, 11, 28, 17, 56, 57, 644067), 10.0, 11.5]"
147,"[datetime.datetime(2022, 11, 28, 17, 56, 58, 814096), 5.5, 8.0]","[datetime.datetime(2022, 11, 28, 17, 56, 58, 814096), 7.0, 7.6]","[datetime.datetime(2022, 11, 28, 17, 56, 58, 814096), 91.0, 230.0]","[datetime.datetime(2022, 11, 28, 17, 56, 58, 814096), 3.4, 4.2]","[datetime.datetime(2022, 11, 28, 17, 56, 58, 814096), 2.6, 3.2]","[datetime.datetime(2022, 11, 28, 17, 56, 58, 814096), 31.0, 60.0]","[datetime.datetime(2022, 11, 28, 17, 56, 58, 814096), 13.0, 14.5]","[datetime.datetime(2022, 11, 28, 17, 56, 58, 814096), 10.0, 11.5]"
148,"[datetime.datetime(2022, 11, 28, 17, 56, 59, 999407), 5.5, 8.0]","[datetime.datetime(2022, 11, 28, 17, 56, 59, 999407), 7.0, 7.6]","[datetime.datetime(2022, 11, 28, 17, 56, 59, 999407), 91.0, 190.0]","[datetime.datetime(2022, 11, 28, 17, 56, 59, 999407), 3.4, 4.3]","[datetime.datetime(2022, 11, 28, 17, 56, 59, 999407), 2.6, 3.2]","[datetime.datetime(2022, 11, 28, 17, 56, 59, 999407), 31.0, 60.0]","[datetime.datetime(2022, 11, 28, 17, 56, 59, 999407), 13.0, 15.0]","[datetime.datetime(2022, 11, 28, 17, 56, 59, 999407), 10.0, 11.5]"
149,"[datetime.datetime(2022, 11, 28, 17, 57, 1, 143136), 5.5, 8.0]","[datetime.datetime(2022, 11, 28, 17, 57, 1, 143136), 7.0, 7.6]","[datetime.datetime(2022, 11, 28, 17, 57, 1, 143136), 101.0, 190.0]","[datetime.datetime(2022, 11, 28, 17, 57, 1, 143136), 3.4, 4.3]","[datetime.datetime(2022, 11, 28, 17, 57, 1, 143136), 2.6, 3.2]","[datetime.datetime(2022, 11, 28, 17, 57, 1, 143136), 31.0, 60.0]","[datetime.datetime(2022, 11, 28, 17, 57, 1, 143136), 12.0, 14.5]","[datetime.datetime(2022, 11, 28, 17, 57, 1, 143136), 10.0, 11.5]"
150,"[datetime.datetime(2022, 11, 28, 17, 57, 2, 300968), 5.5, 8.0]","[datetime.datetime(2022, 11, 28, 17, 57, 2, 300968), 7.0, 7.4]","[datetime.datetime(2022, 11, 28, 17, 57, 2, 300968), 101.0, 190.0]","[datetime.datetime(2022, 11, 28, 17, 57, 2, 300968), 3.4, 4.2]","[datetime.datetime(2022, 11, 28, 17, 57, 2, 300968), 2.6, 3.25]","[datetime.datetime(2022, 11, 28, 17, 57, 2, 300968), 31.0, 60.0]","[datetime.datetime(2022, 11, 28, 17, 57, 2, 300968), 12.0, 14.5]","[datetime.datetime(2022, 11, 28, 17, 57, 2, 300968), 10.0, 11.5]"
151,"[datetime.datetime(2022, 11, 28, 17, 57, 3, 449669), 5.5, 8.0]","[datetime.datetime(2022, 11, 28, 17, 57, 3, 449669), 7.0, 7.4]","[datetime.datetime(2022, 11, 28, 17, 57, 3, 449669), 101.0, 190.0]","[datetime.datetime(2022, 11, 28, 17, 57, 3, 449669), 3.4, 4.2]","[datetime.datetime(2022, 11, 28, 17, 57, 3, 449669), 2.6, 3.25]","[datetime.datetime(2022, 11, 28, 17, 57, 3, 449669), 31.0, 60.0]","[datetime.datetime(2022, 11, 28, 17, 57, 3, 449669), 12.0, 14.5]","[datetime.datetime(2022, 11, 28, 17, 57, 3, 449669), 10.0, 11.5]"
152,"[datetime.datetime(2022, 11, 28, 17, 57, 4, 631105), 5.5, 8.0]","[datetime.datetime(2022, 11, 28, 17, 57, 4, 631105), 7.0, 7.4]","[datetime.datetime(2022, 11, 28, 17, 57, 4, 631105), 101.0, 190.0]","[datetime.datetime(2022, 11, 28, 17, 57, 4, 631105), 3.4, 4.2]","[datetime.datetime(2022, 11, 28, 17, 57, 4, 631105), 2.6, 3.25]","[datetime.datetime(2022, 11, 28, 17, 57, 4, 631105), 31.0, 60.0]","[datetime.datetime(2022, 11, 28, 17, 57, 4, 631105), 12.0, 14.5]","[datetime.datetime(2022, 11, 28, 17, 57, 4, 631105), 10.0, 11.5]"
153,"[datetime.datetime(2022, 11, 28, 17, 57, 5, 779011), 5.5, 8.0]","[datetime.datetime(2022, 11, 28, 17, 57, 5, 779011), 7.0, 7.4]","[datetime.datetime(2022, 11, 28, 17, 57, 5, 779011), 101.0, 190.0]","[datetime.datetime(2022, 11, 28, 17, 57, 5, 779011), 3.4, 4.2]","[datetime.datetime(2022, 11, 28, 17, 57, 5, 779011), 2.6, 3.25]","[datetime.datetime(2022, 11, 28, 17, 57, 5, 779011), 31.0, 60.0]","[datetime.datetime(2022, 11, 28, 17, 57, 5, 779011), 12.0, 14.5]","[datetime.datetime(2022, 11, 28, 17, 57, 5, 779011), 10.0, 11.5]"
154,"[datetime.datetime(2022, 11, 28, 17, 57, 6, 924793), 5.5, 8.0]","[datetime.datetime(2022, 11, 28, 17, 57, 6, 924793), 7.0, 7.4]","[datetime.datetime(2022, 11, 28, 17, 57, 6, 924793), 101.0, 190.0]","[datetime.datetime(2022, 11, 28, 17, 57, 6, 924793), 3.4, 4.2]","[datetime.datetime(2022, 11, 28, 17, 57, 6, 924793), 2.6, 3.25]","[datetime.datetime(2022, 11, 28, 17, 57, 6, 924793), 31.0, 60.0]","[datetime.datetime(2022, 11, 28, 17, 57, 6, 924793), 12.0, 14.5]","[datetime.datetime(2022, 11, 28, 17, 57, 6, 924793), 10.0, 11.5]"
155,"[datetime.datetime(2022, 11, 28, 17, 57, 8, 64131), 5.5, 8.0]","[datetime.datetime(2022, 11, 28, 17, 57, 8, 64131), 7.0, 7.4]","[datetime.datetime(2022, 11, 28, 17, 57, 8, 64131), 101.0, 190.0]","[datetime.datetime(2022, 11, 28, 17, 57, 8, 64131), 3.4, 4.2]","[datetime.datetime(2022, 11, 28, 17, 57, 8, 64131), 2.6, 3.25]","[datetime.datetime(2022, 11, 28, 17, 57, 8, 64131), 31.0, 60.0]","[datetime.datetime(2022, 11, 28, 17, 57, 8, 64131), 12.0, 14.5]","[datetime.datetime(2022, 11, 28, 17, 57, 8, 64131), 10.0, 11.5]"
156,"[datetime.datetime(2022, 11, 28, 17, 57, 9, 200106), 5.5, 8.0]","[datetime.datetime(2022, 11, 28, 17, 57, 9, 200106), 7.0, 7.4]","[datetime.datetime(2022, 11, 28, 17, 57, 9, 200106), 101.0, 190.0]","[datetime.datetime(2022, 11, 28, 17, 57, 9, 200106), 3.4, 4.2]","[datetime.datetime(2022, 11, 28, 17, 57, 9, 200106), 2.6, 3.25]","[datetime.datetime(2022, 11, 28, 17, 57, 9, 200106), 31.0, 60.0]","[datetime.datetime(2022, 11, 28, 17, 57, 9, 200106), 12.0, 14.5]","[datetime.datetime(2022, 11, 28, 17, 57, 9, 200106), 10.0, 11.5]"
157,"[datetime.datetime(2022, 11, 28, 17, 57, 10, 345919), 5.5, 8.0]","[datetime.datetime(2022, 11, 28, 17, 57, 10, 345919), 7.0, 7.4]","[datetime.datetime(2022, 11, 28, 17, 57, 10, 345919), 101.0, 190.0]","[datetime.datetime(2022, 11, 28, 17, 57, 10, 345919), 3.4, 4.2]","[datetime.datetime(2022, 11, 28, 17, 57, 10, 345919), 2.6, 3.25]","[datetime.datetime(2022, 11, 28, 17, 57, 10, 345919), 31.0, 60.0]","[datetime.datetime(2022, 11, 28, 17, 57, 10, 345919), 12.0, 14.5]","[datetime.datetime(2022, 11, 28, 17, 57, 10, 345919), 10.0, 11.5]"
158,"[datetime.datetime(2022, 11, 28, 17, 57, 11, 510808), 5.5, 7.8]","[datetime.datetime(2022, 11, 28, 17, 57, 11, 510808), 7.0, 7.4]","[datetime.datetime(2022, 11, 28, 17, 57, 11, 510808), 101.0, 190.0]","[datetime.datetime(2022, 11, 28, 17, 57, 11, 510808), 3.4, 4.2]","[datetime.datetime(2022, 11, 28, 17, 57, 11, 510808), 2.6, 3.25]","[datetime.datetime(2022, 11, 28, 17, 57, 11, 510808), 31.0, 55.0]","[datetime.datetime(2022, 11, 28, 17, 57, 11, 510808), 12.0, 15.0]","[datetime.datetime(2022, 11, 28, 17, 57, 11, 510808), 10.0, 11.5]"
159,"[datetime.datetime(2022, 11, 28, 17, 57, 12, 682821), 5.5, 7.8]","[datetime.datetime(2022, 11, 28, 17, 57, 12, 682821), 7.0, 7.4]","[datetime.datetime(2022, 11, 28, 17, 57, 12, 682821), 101.0, 190.0]","[datetime.datetime(2022, 11, 28, 17, 57, 12, 682821), 3.4, 4.2]","[datetime.datetime(2022, 11, 28, 17, 57, 12, 682821), 2.6, 3.25]","[datetime.datetime(2022, 11, 28, 17, 57, 12, 682821), 31.0, 55.0]","[datetime.datetime(2022, 11, 28, 17, 57, 12, 682821), 12.0, 15.0]","[datetime.datetime(2022, 11, 28, 17, 57, 12, 682821), 10.0, 11.5]"
160,"[datetime.datetime(2022, 11, 28, 17, 57, 13, 827250), 5.5, 7.8]","[datetime.datetime(2022, 11, 28, 17, 57, 13, 827250), 7.0, 7.4]","[datetime.datetime(2022, 11, 28, 17, 57, 13, 827250), 101.0, 190.0]","[datetime.datetime(2022, 11, 28, 17, 57, 13, 827250), 3.4, 4.3]","[datetime.datetime(2022, 11, 28, 17, 57, 13, 827250), 2.6, 3.15]","[datetime.datetime(2022, 11, 28, 17, 57, 13, 827250), 31.0, 55.0]","[datetime.datetime(2022, 11, 28, 17, 57, 13, 827250), 12.0, 15.0]","[datetime.datetime(2022, 11, 28, 17, 57, 13, 827250), 10.0, 12.0]"
161,"[datetime.datetime(2022, 11, 28, 17, 57, 15, 2121), 5.5, 7.6]","[datetime.datetime(2022, 11, 28, 17, 57, 15, 2121), 7.0, 7.2]","[datetime.datetime(2022, 11, 28, 17, 57, 15, 2121), 101.0, 190.0]","[datetime.datetime(2022, 11, 28, 17, 57, 15, 2121), 3.4, 4.4]","[datetime.datetime(2022, 11, 28, 17, 57, 15, 2121), 2.6, 3.15]","[datetime.datetime(2022, 11, 28, 17, 57, 15, 2121), 31.0, 60.0]","[datetime.datetime(2022, 11, 28, 17, 57, 15, 2121), 12.0, 15.5]","[datetime.datetime(2022, 11, 28, 17, 57, 15, 2121), 10.0, 12.5]"
162,"[datetime.datetime(2022, 11, 28, 17, 57, 16, 160131), 5.5, 7.4]","[datetime.datetime(2022, 11, 28, 17, 57, 16, 160131), 7.0, 7.2]","[datetime.datetime(2022, 11, 28, 17, 57, 16, 160131), 101.0, 190.0]","[datetime.datetime(2022, 11, 28, 17, 57, 16, 160131), 3.4, 4.4]","[datetime.datetime(2022, 11, 28, 17, 57, 16, 160131), 2.6, 3.25]","[datetime.datetime(2022, 11, 28, 17, 57, 16, 160131), 31.0, 60.0]","[datetime.datetime(2022, 11, 28, 17, 57, 16, 160131), 12.0, 15.0]","[datetime.datetime(2022, 11, 28, 17, 57, 16, 160131), 10.0, 12.0]"
163,"[datetime.datetime(2022, 11, 28, 17, 57, 17, 330546), 5.5, 7.4]","[datetime.datetime(2022, 11, 28, 17, 57, 17, 330546), 7.0, 7.2]","[datetime.datetime(2022, 11, 28, 17, 57, 17, 330546), 101.0, 190.0]","[datetime.datetime(2022, 11, 28, 17, 57, 17, 330546), 3.4, 4.4]","[datetime.datetime(2022, 11, 28, 17, 57, 17, 330546), 2.6, 3.25]","[datetime.datetime(2022, 11, 28, 17, 57, 17, 330546), 31.0, 60.0]","[datetime.datetime(2022, 11, 28, 17, 57, 17, 330546), 12.0, 15.0]","[datetime.datetime(2022, 11, 28, 17, 57, 17, 330546), 10.0, 12.0]"
164,"[datetime.datetime(2022, 11, 28, 17, 57, 18, 459492), 5.5, 7.4]","[datetime.datetime(2022, 11, 28, 17, 57, 18, 459492), 7.0, 7.2]","[datetime.datetime(2022, 11, 28, 17, 57, 18, 459492), 101.0, 190.0]","[datetime.datetime(2022, 11, 28, 17, 57, 18, 459492), 3.4, 4.4]","[datetime.datetime(2022, 11, 28, 17, 57, 18, 459492), 2.6, 3.25]","[datetime.datetime(2022, 11, 28, 17, 57, 18, 459492), 31.0, 60.0]","[datetime.datetime(2022, 11, 28, 17, 57, 18, 459492), 12.0, 12.5]","[datetime.datetime(2022, 11, 28, 17, 57, 18, 459492), 10.0, 12.0]"
165,"[datetime.datetime(2022, 11, 28, 17, 57, 19, 603337), 5.5, 7.4]","[datetime.datetime(2022, 11, 28, 17, 57, 19, 603337), 7.0, 7.2]","[datetime.datetime(2022, 11, 28, 17, 57, 19, 603337), 101.0, 190.0]","[datetime.datetime(2022, 11, 28, 17, 57, 19, 603337), 3.4, 4.4]","[datetime.datetime(2022, 11, 28, 17, 57, 19, 603337), 2.6, 3.25]","[datetime.datetime(2022, 11, 28, 17, 57, 19, 603337), 31.0, 60.0]","[datetime.datetime(2022, 11, 28, 17, 57, 19, 603337), 12.0, 13.5]","[datetime.datetime(2022, 11, 28, 17, 57, 19, 603337), 10.0, 12.0]"
166,"[datetime.datetime(2022, 11, 28, 17, 57, 20, 760888), 5.5, 7.4]","[datetime.datetime(2022, 11, 28, 17, 57, 20, 760888), 7.0, 7.2]","[datetime.datetime(2022, 11, 28, 17, 57, 20, 760888), 101.0, 190.0]","[datetime.datetime(2022, 11, 28, 17, 57, 20, 760888), 3.4, 4.4]","[datetime.datetime(2022, 11, 28, 17, 57, 20, 760888), 2.6, 3.3]","[datetime.datetime(2022, 11, 28, 17, 57, 20, 760888), 31.0, 60.0]","[datetime.datetime(2022, 11, 28, 17, 57, 20, 760888), 12.0, 13.0]","[datetime.datetime(2022, 11, 28, 17, 57, 20, 760888), 10.0, 12.0]"
167,"[datetime.datetime(2022, 11, 28, 17, 57, 21, 897123), 5.5, 7.4]","[datetime.datetime(2022, 11, 28, 17, 57, 21, 897123), 7.0, 7.2]","[datetime.datetime(2022, 11, 28, 17, 57, 21, 897123), 101.0, 190.0]","[datetime.datetime(2022, 11, 28, 17, 57, 21, 897123), 3.4, 4.4]","[datetime.datetime(2022, 11, 28, 17, 57, 21, 897123), 2.6, 3.3]","[datetime.datetime(2022, 11, 28, 17, 57, 21, 897123), 31.0, 60.0]","[datetime.datetime(2022, 11, 28, 17, 57, 21, 897123), 12.0, 13.0]","[datetime.datetime(2022, 11, 28, 17, 57, 21, 897123), 10.0, 12.0]"
168,"[datetime.datetime(2022, 11, 28, 17, 57, 23, 56107), 5.5, 7.4]","[datetime.datetime(2022, 11, 28, 17, 57, 23, 56107), 7.0, 7.2]","[datetime.datetime(2022, 11, 28, 17, 57, 23, 56107), 101.0, 190.0]","[datetime.datetime(2022, 11, 28, 17, 57, 23, 56107), 3.4, 4.4]","[datetime.datetime(2022, 11, 28, 17, 57, 23, 56107), 2.6, 3.3]","[datetime.datetime(2022, 11, 28, 17, 57, 23, 56107), 31.0, 60.0]","[datetime.datetime(2022, 11, 28, 17, 57, 23, 56107), 12.0, 13.0]","[datetime.datetime(2022, 11, 28, 17, 57, 23, 56107), 10.0, 12.0]"
169,"[datetime.datetime(2022, 11, 28, 17, 57, 24, 200360), 5.5, 7.6]","[datetime.datetime(2022, 11, 28, 17, 57, 24, 200360), 6.5, 7.4]","[datetime.datetime(2022, 11, 28, 17, 57, 24, 200360), 101.0, 230.0]","[datetime.datetime(2022, 11, 28, 17, 57, 24, 200360), 3.5, 4.3]","[datetime.datetime(2022, 11, 28, 17, 57, 24, 200360), 2.6, 3.35]","[datetime.datetime(2022, 11, 28, 17, 57, 24, 200360), 31.0, 60.0]","[datetime.datetime(2022, 11, 28, 17, 57, 24, 200360), 12.0, 13.5]","[datetime.datetime(2022, 11, 28, 17, 57, 24, 200360), 10.0, 10.5]"
170,"[datetime.datetime(2022, 11, 28, 17, 57, 25, 353591), 5.5, 7.6]","[datetime.datetime(2022, 11, 28, 17, 57, 25, 353591), 6.5, 7.4]","[datetime.datetime(2022, 11, 28, 17, 57, 25, 353591), 101.0, 230.0]","[datetime.datetime(2022, 11, 28, 17, 57, 25, 353591), 3.5, 4.3]","[datetime.datetime(2022, 11, 28, 17, 57, 25, 353591), 2.6, 3.35]","[datetime.datetime(2022, 11, 28, 17, 57, 25, 353591), 31.0, 60.0]","[datetime.datetime(2022, 11, 28, 17, 57, 25, 353591), 12.0, 13.5]","[datetime.datetime(2022, 11, 28, 17, 57, 25, 353591), 10.0, 10.5]"
171,"[datetime.datetime(2022, 11, 28, 17, 57, 26, 490515), 5.5, 7.6]","[datetime.datetime(2022, 11, 28, 17, 57, 26, 490515), 6.5, 7.4]","[datetime.datetime(2022, 11, 28, 17, 57, 26, 490515), 101.0, 230.0]","[datetime.datetime(2022, 11, 28, 17, 57, 26, 490515), 3.5, 4.3]","[datetime.datetime(2022, 11, 28, 17, 57, 26, 490515), 2.6, 3.35]","[datetime.datetime(2022, 11, 28, 17, 57, 26, 490515), 31.0, 60.0]","[datetime.datetime(2022, 11, 28, 17, 57, 26, 490515), 12.0, 13.5]","[datetime.datetime(2022, 11, 28, 17, 57, 26, 490515), 10.0, 10.5]"
172,"[datetime.datetime(2022, 11, 28, 17, 57, 27, 686626), 5.5, 7.6]","[datetime.datetime(2022, 11, 28, 17, 57, 27, 686626), 6.5, 7.4]","[datetime.datetime(2022, 11, 28, 17, 57, 27, 686626), 101.0, 230.0]","[datetime.datetime(2022, 11, 28, 17, 57, 27, 686626), 3.5, 4.4]","[datetime.datetime(2022, 11, 28, 17, 57, 27, 686626), 2.6, 3.3]","[datetime.datetime(2022, 11, 28, 17, 57, 27, 686626), 31.0, 60.0]","[datetime.datetime(2022, 11, 28, 17, 57, 27, 686626), 12.0, 13.5]","[datetime.datetime(2022, 11, 28, 17, 57, 27, 686626), 10.0, 11.0]"
173,"[datetime.datetime(2022, 11, 28, 17, 57, 28, 863258), 5.5, 7.6]","[datetime.datetime(2022, 11, 28, 17, 57, 28, 863258), 6.5, 7.2]","[datetime.datetime(2022, 11, 28, 17, 57, 28, 863258), 101.0, 230.0]","[datetime.datetime(2022, 11, 28, 17, 57, 28, 863258), 3.5, 4.4]","[datetime.datetime(2022, 11, 28, 17, 57, 28, 863258), 2.6, 3.3]","[datetime.datetime(2022, 11, 28, 17, 57, 28, 863258), 31.0, 60.0]","[datetime.datetime(2022, 11, 28, 17, 57, 28, 863258), 12.0, 13.5]","[datetime.datetime(2022, 11, 28, 17, 57, 28, 863258), 10.0, 11.0]"
174,"[datetime.datetime(2022, 11, 28, 17, 57, 30, 23622), 5.5, 7.6]","[datetime.datetime(2022, 11, 28, 17, 57, 30, 23622), 6.5, 7.4]","[datetime.datetime(2022, 11, 28, 17, 57, 30, 23622), 101.0, 230.0]","[datetime.datetime(2022, 11, 28, 17, 57, 30, 23622), 3.5, 4.4]","[datetime.datetime(2022, 11, 28, 17, 57, 30, 23622), 2.6, 3.3]","[datetime.datetime(2022, 11, 28, 17, 57, 30, 23622), 31.0, 60.0]","[datetime.datetime(2022, 11, 28, 17, 57, 30, 23622), 12.0, 13.5]","[datetime.datetime(2022, 11, 28, 17, 57, 30, 23622), 10.0, 11.0]"
175,"[datetime.datetime(2022, 11, 28, 17, 57, 31, 180187), 5.5, 7.6]","[datetime.datetime(2022, 11, 28, 17, 57, 31, 180187), 6.5, 7.4]","[datetime.datetime(2022, 11, 28, 17, 57, 31, 180187), 101.0, 240.0]","[datetime.datetime(2022, 11, 28, 17, 57, 31, 180187), 3.5, 4.5]","[datetime.datetime(2022, 11, 28, 17, 57, 31, 180187), 2.6, 3.35]","[datetime.datetime(2022, 11, 28, 17, 57, 31, 180187), 31.0, 60.0]","[datetime.datetime(2022, 11, 28, 17, 57, 31, 180187), 12.0, 14.0]","[datetime.datetime(2022, 11, 28, 17, 57, 31, 180187), 10.0, 11.0]"
176,"[datetime.datetime(2022, 11, 28, 17, 57, 32, 315853), 5.5, 99998]","[datetime.datetime(2022, 11, 28, 17, 57, 32, 315853), 6.5, 99998]","[datetime.datetime(2022, 11, 28, 17, 57, 32, 315853), 101.0, 99998]","[datetime.datetime(2022, 11, 28, 17, 57, 32, 315853), 3.5, 99998]","[datetime.datetime(2022, 11, 28, 17, 57, 32, 315853), 2.6, 99998]","[datetime.datetime(2022, 11, 28, 17, 57, 32, 315853), 31.0, 99998]","[datetime.datetime(2022, 11, 28, 17, 57, 32, 315853), 12.0, 99998]","[datetime.datetime(2022, 11, 28, 17, 57, 32, 315853), 10.0, 99998]"
177,"[datetime.datetime(2022, 11, 28, 17, 57, 33, 506131), 5.5, 99998]","[datetime.datetime(2022, 11, 28, 17, 57, 33, 506131), 6.5, 99998]","[datetime.datetime(2022, 11, 28, 17, 57, 33, 506131), 101.0, 99998]","[datetime.datetime(2022, 11, 28, 17, 57, 33, 506131), 3.5, 99998]","[datetime.datetime(2022, 11, 28, 17, 57, 33, 506131), 2.6, 99998]","[datetime.datetime(2022, 11, 28, 17, 57, 33, 506131), 31.0, 99998]","[datetime.datetime(2022, 11, 28, 17, 57, 33, 506131), 12.0, 99998]","[datetime.datetime(2022, 11, 28, 17, 57, 33, 506131), 10.0, 99998]"
178,"[datetime.datetime(2022, 11, 28, 17, 57, 34, 696974), 5.5, 99998]","[datetime.datetime(2022, 11, 28, 17, 57, 34, 696974), 6.5, 99998]","[datetime.datetime(2022, 11, 28, 17, 57, 34, 696974), 101.0, 99998]","[datetime.datetime(2022, 11, 28, 17, 57, 34, 696974), 3.5, 99998]","[datetime.datetime(2022, 11, 28, 17, 57, 34, 696974), 2.7, 99998]","[datetime.datetime(2022, 11, 28, 17, 57, 34, 696974), 31.0, 99998]","[datetime.datetime(2022, 11, 28, 17, 57, 34, 696974), 12.0, 99998]","[datetime.datetime(2022, 11, 28, 17, 57, 34, 696974), 10.0, 99998]"
179,"[datetime.datetime(2022, 11, 28, 17, 57, 35, 879939), 5.5, 99998]","[datetime.datetime(2022, 11, 28, 17, 57, 35, 879939), 6.5, 99998]","[datetime.datetime(2022, 11, 28, 17, 57, 35, 879939), 101.0, 99998]","[datetime.datetime(2022, 11, 28, 17, 57, 35, 879939), 3.5, 99998]","[datetime.datetime(2022, 11, 28, 17, 57, 35, 879939), 2.7, 99998]","[datetime.datetime(2022, 11, 28, 17, 57, 35, 879939), 31.0, 99998]","[datetime.datetime(2022, 11, 28, 17, 57, 35, 879939), 12.0, 99998]","[datetime.datetime(2022, 11, 28, 17, 57, 35, 879939), 10.0, 99998]"
180,"[datetime.datetime(2022, 11, 28, 17, 57, 37, 32340), 5.5, 99998]","[datetime.datetime(2022, 11, 28, 17, 57, 37, 32340), 6.5, 99998]","[datetime.datetime(2022, 11, 28, 17, 57, 37, 32340), 101.0, 99998]","[datetime.datetime(2022, 11, 28, 17, 57, 37, 32340), 3.5, 99998]","[datetime.datetime(2022, 11, 28, 17, 57, 37, 32340), 2.7, 99998]","[datetime.datetime(2022, 11, 28, 17, 57, 37, 32340), 31.0, 99998]","[datetime.datetime(2022, 11, 28, 17, 57, 37, 32340), 12.0, 99998]","[datetime.datetime(2022, 11, 28, 17, 57, 37, 32340), 10.0, 99998]"
181,"[datetime.datetime(2022, 11, 28, 17, 57, 38, 193360), 5.5, 99998]","[datetime.datetime(2022, 11, 28, 17, 57, 38, 193360), 6.5, 99998]","[datetime.datetime(2022, 11, 28, 17, 57, 38, 193360), 101.0, 99998]","[datetime.datetime(2022, 11, 28, 17, 57, 38, 193360), 3.5, 99998]","[datetime.datetime(2022, 11, 28, 17, 57, 38, 193360), 2.7, 99998]","[datetime.datetime(2022, 11, 28, 17, 57, 38, 193360), 31.0, 99998]","[datetime.datetime(2022, 11, 28, 17, 57, 38, 193360), 12.0, 99998]","[datetime.datetime(2022, 11, 28, 17, 57, 38, 193360), 10.0, 99998]"
182,"[datetime.datetime(2022, 11, 28, 17, 57, 39, 335754), 5.5, 99998]","[datetime.datetime(2022, 11, 28, 17, 57, 39, 335754), 6.5, 99998]","[datetime.datetime(2022, 11, 28, 17, 57, 39, 335754), 101.0, 99998]","[datetime.datetime(2022, 11, 28, 17, 57, 39, 335754), 3.5, 99998]","[datetime.datetime(2022, 11, 28, 17, 57, 39, 335754), 2.7, 99998]","[datetime.datetime(2022, 11, 28, 17, 57, 39, 335754), 31.0, 99998]","[datetime.datetime(2022, 11, 28, 17, 57, 39, 335754), 12.0, 99998]","[datetime.datetime(2022, 11, 28, 17, 57, 39, 335754), 10.0, 99998]"
183,"[datetime.datetime(2022, 11, 28, 17, 57, 40, 461434), 5.5, 99998]","[datetime.datetime(2022, 11, 28, 17, 57, 40, 462434), 6.5, 99998]","[datetime.datetime(2022, 11, 28, 17, 57, 40, 462434), 101.0, 99998]","[datetime.datetime(2022, 11, 28, 17, 57, 40, 462434), 3.5, 99998]","[datetime.datetime(2022, 11, 28, 17, 57, 40, 462434), 2.7, 99998]","[datetime.datetime(2022, 11, 28, 17, 57, 40, 462434), 31.0, 99998]","[datetime.datetime(2022, 11, 28, 17, 57, 40, 462434), 12.0, 99998]","[datetime.datetime(2022, 11, 28, 17, 57, 40, 462434), 10.0, 99998]"
